ticker_tv,ticker_yf,price,market_cap,sector,industry,technical_local,tech_score,local_label,finnhub_label,tv_reco,tv_symbol_used,tv_exchange_used,final_signal,analyst_bucket,analyst_mean,analyst_votes,avg_vol,rank_score
ELF,ELF,134.0,7602476600.0,Consumer Staples,Personal Care Products,Strong Buy,6,STRONG_BUY,NEUTRAL,STRONG_BUY,ELF,NYSE,NEUTRAL,Strong Buy,1.5625,14.0,1770700,2.86
THC,THC,191.52999877929688,16928052139.251709,Health Care,Health Care Facilities,Strong Buy,6,STRONG_BUY,NEUTRAL,,,,NEUTRAL,Strong Buy,1.59091,21.0,955590,2.8
BSX,BSX,108.16500091552734,160073452419.70312,Health Care,Health Care Equipment,Strong Buy,6,STRONG_BUY,NEUTRAL,,,,NEUTRAL,Strong Buy,1.36364,31.0,6050430,2.8
TJX,TJX,140.75,156668573059.6328,Consumer Discretionary,Apparel Retail,Strong Buy,6,STRONG_BUY,NEUTRAL,,,,NEUTRAL,Strong Buy,1.47619,18.0,6118110,2.7199999999999998
BURL,BURL,300.2200012207031,18933224379.119873,Consumer Discretionary,Apparel Retail,Strong Buy,6,STRONG_BUY,NEUTRAL,,,,NEUTRAL,Strong Buy,1.27778,16.0,1231560,2.64
NCLH,NCLH,25.545000076293945,11528912769.360168,Consumer Discretionary,"Hotels, Resorts & Cruise Lines",Strong Buy,6,STRONG_BUY,NEUTRAL,STRONG_BUY,NCLH,NYSE,NEUTRAL,Buy,1.73913,21.0,13585680,2.5
FTI,FTI,39.665000915527344,16327609972.839355,Energy,Oil & Gas Equipment & Services,Strong Buy,6,STRONG_BUY,NEUTRAL,STRONG_BUY,FTI,NYSE,NEUTRAL,Buy,1.78261,22.0,3488240,2.5
WDC,WDC,89.9468002319336,31165736115.023438,Information Technology,"Technology Hardware, Storage & Peripherals",Strong Buy,6,STRONG_BUY,NEUTRAL,STRONG_BUY,WDC,NASDAQ,NEUTRAL,Buy,1.64,21.0,6445490,2.5
TRV,TRV,278.4200134277344,62758356038.57422,Financials,Property & Casualty Insurance,Strong Buy,6,STRONG_BUY,NEUTRAL,STRONG_BUY,TRV,NYSE,NEUTRAL,Buy,2.43478,20.0,1249260,2.5
PFGC,PFGC,105.25,16492408302.852295,Consumer Staples,Food Distributors,Strong Buy,6,STRONG_BUY,NEUTRAL,,,,NEUTRAL,Strong Buy,1.57143,12.0,1437010,2.48
LITE,LITE,139.72000122070312,9753845530.700684,Information Technology,Communication Equipment,Strong Buy,6,STRONG_BUY,NEUTRAL,STRONG_BUY,LITE,NASDAQ,NEUTRAL,Buy,1.63158,19.0,3416260,2.46
SYY,SYY,81.80000305175781,39127305694.06128,Consumer Staples,Food Distributors,Strong Buy,6,STRONG_BUY,NEUTRAL,STRONG_BUY,SYY,NYSE,NEUTRAL,Buy,1.94118,15.0,2624050,2.3000000000000003
FSLR,FSLR,200.02999877929688,21371309418.21289,Information Technology,Semiconductors,Strong Buy,4,BUY,NEUTRAL,,,,NEUTRAL,Strong Buy,1.58824,30.0,2685980,2.3
PINS,PINS,37.1349983215332,25215202834.145508,Communication Services,Internet Content & Information,Strong Buy,4,BUY,NEUTRAL,,,,NEUTRAL,Strong Buy,1.525,36.0,6578600,2.3
DXCM,DXCM,81.25,31939064506.88379,Health Care,Health Care Equipment,Buy,3,BUY,NEUTRAL,,,,NEUTRAL,Strong Buy,1.40741,25.0,4673510,2.3
UAL,UAL,107.66629791259766,34810901564.819336,Industrials,Passenger Airlines,Strong Buy,4,BUY,NEUTRAL,,,,NEUTRAL,Strong Buy,1.45455,20.0,4380630,2.3
VICI,VICI,33.3849983215332,35622088013.79883,Real Estate,Hotel & Resort REITs,Buy,3,BUY,NEUTRAL,,,,NEUTRAL,Strong Buy,1.52174,22.0,8984870,2.3
TTWO,TTWO,240.58999633789062,44328141562.95776,Communication Services,Interactive Home Entertainment,Strong Buy,4,BUY,NEUTRAL,,,,NEUTRAL,Strong Buy,1.40741,27.0,1293540,2.3
HWM,HWM,179.51499938964844,72228087548.57422,Industrials,Aerospace & Defense,Strong Buy,4,BUY,NEUTRAL,,,,NEUTRAL,Strong Buy,1.43478,20.0,2357790,2.3
MU,MU,121.29499816894531,135537833045.30273,Information Technology,Semiconductors,Strong Buy,4,BUY,NEUTRAL,,,,NEUTRAL,Strong Buy,1.53846,35.0,15361980,2.3
ANET,ANET,140.92999267578125,176873040672.92578,Information Technology,Communications Equipment,Strong Buy,4,BUY,NEUTRAL,,,,NEUTRAL,Strong Buy,1.57143,24.0,7206900,2.3
PHM,PHM,136.91000366210938,27025879197.052002,Consumer Discretionary,Homebuilding,Strong Buy,6,STRONG_BUY,NEUTRAL,STRONG_BUY,PHM,NYSE,NEUTRAL,Buy,2.0,13.0,1932480,2.22
MTZ,MTZ,181.16000366210938,14277613712.646484,Industrials,Construction & Engineering,Buy,3,BUY,NEUTRAL,,,,NEUTRAL,Strong Buy,1.41176,18.0,891470,2.2199999999999998
IONS,IONS,59.03499984741211,9392912150.082275,Health Care,Biotechnology,Strong Buy,6,STRONG_BUY,NEUTRAL,BUY,IONS,NASDAQ,NEUTRAL,Buy,1.88889,26.0,4119000,2.2
RBLX,RBLX,128.94500732421875,89304080525.8125,Communication Services,Electronic Gaming & Multimedia,Strong Buy,6,STRONG_BUY,NEUTRAL,,,,NEUTRAL,Buy,2.0,31.0,9323280,2.2
HCA,HCA,415.56500244140625,98024690912.89844,Health Care,Health Care Facilities,Strong Buy,6,STRONG_BUY,NEUTRAL,,,,NEUTRAL,Buy,2.0,21.0,1017680,2.2
BRX,BRX,27.809999465942383,8526415359.87854,Real Estate,Retail REITs,Strong Buy,4,BUY,NEUTRAL,,,,NEUTRAL,Strong Buy,1.52941,17.0,1984900,2.18
WYNN,WYNN,122.78500366210938,12765255940.956116,Consumer Discretionary,Casinos & Gaming,Strong Buy,4,BUY,NEUTRAL,,,,NEUTRAL,Strong Buy,1.38889,17.0,2290190,2.18
FIVE,FIVE,153.80999755859375,8478620625.0,Consumer Discretionary,Other Specialty Retail,Strong Buy,6,STRONG_BUY,NEUTRAL,,,,NEUTRAL,Buy,2.18182,19.0,1725800,2.16
VOYA,VOYA,76.98500061035156,7428991784.243774,Financials,Multi-Sector Holdings,Strong Buy,6,STRONG_BUY,NEUTRAL,STRONG_BUY,VOYA,NYSE,NEUTRAL,Buy,2.41667,11.0,728040,2.14
BROS,BROS,71.16000366210938,11694833533.05835,Consumer Discretionary,Restaurants,Strong Buy,4,BUY,NEUTRAL,,,,NEUTRAL,Strong Buy,1.47059,16.0,3287130,2.14
NLY,NLY,21.7450008392334,13940241604.472168,Financials,REIT - Mortgage,Strong Buy,6,STRONG_BUY,NEUTRAL,STRONG_BUY,NLY,NYSE,NEUTRAL,Buy,2.0,11.0,6145940,2.14
INSM,INSM,141.6501007080078,29975089368.427734,Health Care,Biotechnology,Strong Buy,4,BUY,NEUTRAL,,,,NEUTRAL,Strong Buy,1.26316,16.0,2438240,2.14
ALAB,ALAB,185.80499267578125,30752177757.01172,Information Technology,Semiconductors,Strong Buy,4,BUY,NEUTRAL,,,,NEUTRAL,Strong Buy,1.5625,16.0,4116540,2.14
DD,DD,76.44499969482422,32023476953.765137,Materials,Specialty Chemicals,Strong Buy,4,BUY,NEUTRAL,,,,NEUTRAL,Strong Buy,1.41176,16.0,2351870,2.14
TPR,TPR,104.44000244140625,21687561801.086426,Consumer Discretionary,"Apparel, Accessories & Luxury Goods",Strong Buy,5,STRONG_BUY,NEUTRAL,,,,NEUTRAL,Buy,1.75,18.0,4508620,2.12
HIG,HIG,134.77999877929688,37917448858.70361,Financials,Property & Casualty Insurance,Strong Buy,6,STRONG_BUY,NEUTRAL,,,,NEUTRAL,Buy,2.2,18.0,1272040,2.12
WAL,WAL,90.58999633789062,10008260953.681946,Financials,Banks - Regional,Strong Buy,4,BUY,NEUTRAL,,,,NEUTRAL,Strong Buy,1.46667,15.0,954520,2.1
HST,HST,17.37929916381836,12096989962.38733,Real Estate,Hotel & Resort REITs,Strong Buy,6,STRONG_BUY,NEUTRAL,,,,NEUTRAL,Buy,1.88889,17.0,8653440,2.08
HPE,HPE,23.625,30960519254.802002,Information Technology,"Technology Hardware, Storage & Peripherals",Strong Buy,6,STRONG_BUY,NEUTRAL,,,,NEUTRAL,Buy,2.05,17.0,22046970,2.08
TOL,TOL,145.39999389648438,14014569997.34497,Consumer Discretionary,Homebuilding,Strong Buy,6,STRONG_BUY,NEUTRAL,,,,NEUTRAL,Buy,1.82353,16.0,1786380,2.04
RL,RL,316.8399963378906,19136633669.37561,Consumer Discretionary,"Apparel, Accessories & Luxury Goods",Strong Buy,6,STRONG_BUY,NEUTRAL,,,,NEUTRAL,Buy,1.66667,16.0,578900,2.04
WTFC,WTFC,137.41000366210938,9203263607.50885,Financials,Regional Banks,Strong Buy,4,BUY,NEUTRAL,,,,NEUTRAL,Strong Buy,1.53846,13.0,412180,2.02
EXAS,EXAS,52.1349983215332,9903277568.470093,Health Care,Diagnostics & Research,Buy,2,NEUTRAL,,,,,NEUTRAL,Strong Buy,1.375,23.0,2481440,2.0
NTRA,NTRA,167.7050018310547,23004824273.92578,Health Care,Diagnostics & Research,Buy,2,NEUTRAL,,,,,NEUTRAL,Strong Buy,1.45,20.0,980230,2.0
LYV,LYV,163.2550048828125,37799730900.57373,Communication Services,Movies & Entertainment,Buy,2,NEUTRAL,,,,,NEUTRAL,Strong Buy,1.47619,20.0,1553400,2.0
DAL,DAL,61.619998931884766,40157410928.27734,Industrials,Passenger Airlines,Buy,2,NEUTRAL,,,,,NEUTRAL,Strong Buy,1.45455,20.0,6335110,2.0
OMF,OMF,62.314998626708984,7412733272.55249,Financials,Credit Services,Strong Buy,6,STRONG_BUY,NEUTRAL,,,,NEUTRAL,Buy,1.8125,14.0,861940,1.96
PR,PR,14.350000381469727,11626959104.664185,Energy,Oil & Gas Exploration & Production,Buy,2,NEUTRAL,,,,,NEUTRAL,Strong Buy,1.25,19.0,9540620,1.96
SSB,SSB,102.11499786376953,10474040201.705933,Financials,Regional Banks,Strong Buy,4,BUY,NEUTRAL,,,,NEUTRAL,Strong Buy,1.58333,11.0,686520,1.94
ACM,ACM,124.9800033569336,16533896288.742065,Industrials,Construction & Engineering,Strong Buy,4,BUY,NEUTRAL,,,,NEUTRAL,Strong Buy,1.53846,11.0,938540,1.94
RITM,RITM,12.4350004196167,6594181242.519379,Financials,REIT - Mortgage,Strong Buy,4,BUY,NEUTRAL,,,,NEUTRAL,Strong Buy,1.36364,10.0,4583040,1.9
SN,SN,118.7300033569336,16761549181.503296,Consumer Discretionary,Household Appliances,Strong Buy,4,BUY,NEUTRAL,,,,NEUTRAL,Strong Buy,1.27273,10.0,1713270,1.9
TDY,TDY,548.3699951171875,25682706532.104492,Industrials,Aerospace & Defense,Strong Buy,4,BUY,NEUTRAL,,,,NEUTRAL,Strong Buy,1.4,10.0,231270,1.9
AGNC,AGNC,10.175000190734863,10583976478.48462,Financials,REIT - Mortgage,Strong Buy,6,STRONG_BUY,NEUTRAL,,,,NEUTRAL,Buy,2.06667,12.0,17994960,1.88
PEN,PEN,277.9725036621094,10833365136.31897,Health Care,Health Care Equipment,Buy,2,NEUTRAL,,,,,NEUTRAL,Strong Buy,1.52632,17.0,477050,1.88
TKO,TKO,189.6199951171875,15571782143.286133,Communication Services,Movies & Entertainment,Buy,2,NEUTRAL,,,,,NEUTRAL,Strong Buy,1.47368,17.0,662520,1.88
CLH,CLH,244.16000366210938,13089036193.673706,Industrials,Environmental & Facilities Services,Strong Buy,4,BUY,NEUTRAL,,,,NEUTRAL,Strong Buy,1.4,9.0,269620,1.8599999999999999
SGI,SGI,85.33999633789062,17884556287.841797,Consumer Discretionary,Home Furnishings,Strong Buy,4,BUY,NEUTRAL,,,,NEUTRAL,Strong Buy,1.5,9.0,2223750,1.8599999999999999
R,R,187.393798828125,7638039850.0,Industrials,Cargo Ground Transportation,Strong Buy,4,BUY,NEUTRAL,,,,NEUTRAL,Strong Buy,1.5,8.0,240680,1.82
KEYS,KEYS,165.57000732421875,28400921615.966797,Information Technology,Electronic Equipment & Instruments,Strong Buy,5,STRONG_BUY,NEUTRAL,,,,NEUTRAL,Buy,1.63636,10.0,1164600,1.7999999999999998
ORI,ORI,40.82500076293945,10149999120.864868,Financials,Property & Casualty Insurance,Strong Buy,6,STRONG_BUY,NEUTRAL,STRONG_BUY,ORI,NYSE,NEUTRAL,Buy,2.33333,2.0,1147870,1.7800000000000002
ALK,ALK,64.36000061035156,7382722925.949097,Industrials,Passenger Airlines,Buy,2,NEUTRAL,,,,,NEUTRAL,Strong Buy,1.42857,14.0,2208100,1.76
AYI,AYI,335.6400146484375,10285621120.898438,Industrials,Electrical Components & Equipment,Strong Buy,6,STRONG_BUY,NEUTRAL,,,,NEUTRAL,Buy,2.0,8.0,228440,1.72
TLN,TLN,382.2099914550781,17440591924.572754,Utilities,Independent Power Producers & Energy Traders,Buy,2,NEUTRAL,,,,,NEUTRAL,Strong Buy,1.38462,13.0,1594880,1.72
W,W,81.0999984741211,10506430671.722412,Consumer Discretionary,Internet Retail,Strong Buy,4,BUY,NEUTRAL,,,,NEUTRAL,Buy,2.06061,29.0,4897880,1.7
OVV,OVV,42.32500076293945,10899653331.99414,Energy,Oil & Gas E&P,Strong Buy,4,BUY,NEUTRAL,,,,NEUTRAL,Buy,1.65217,21.0,2588280,1.7
ROKU,ROKU,97.45500183105469,14320573527.981445,Communication Services,Entertainment,Strong Buy,4,BUY,NEUTRAL,,,,NEUTRAL,Buy,2.03333,26.0,3054880,1.7
DPZ,DPZ,459.7200012207031,15505820254.467773,Consumer Discretionary,Restaurants,Buy,3,BUY,NEUTRAL,,,,NEUTRAL,Buy,1.9375,29.0,664500,1.7
BBY,BBY,76.55999755859375,16128947431.503906,Consumer Discretionary,Computer & Electronics Retail,Strong Buy,4,BUY,NEUTRAL,,,,NEUTRAL,Buy,2.37037,21.0,4394150,1.7
CHWY,CHWY,40.68000030517578,16778866189.131714,Consumer Discretionary,Other Specialty Retail,Strong Buy,4,BUY,NEUTRAL,,,,NEUTRAL,Buy,2.03448,21.0,5202630,1.7
BIIB,BIIB,137.35000610351562,20129507254.899902,Health Care,Biotechnology,Buy,3,BUY,NEUTRAL,,,,NEUTRAL,Buy,2.18182,27.0,1479120,1.7
KEY,KEY,19.110000610351562,20943420349.26172,Financials,Regional Banks,Strong Buy,4,BUY,NEUTRAL,,,,NEUTRAL,Buy,2.17391,22.0,26236900,1.7
ULTA,ULTA,526.8253784179688,23615039361.71875,Consumer Discretionary,Other Specialty Retail,Buy,3,BUY,NEUTRAL,,,,NEUTRAL,Buy,2.21429,23.0,1206550,1.7
RF,RF,27.155000686645508,24248468349.623047,Financials,Regional Banks,Strong Buy,4,BUY,NEUTRAL,,,,NEUTRAL,Buy,2.29167,22.0,17947830,1.7
DRI,DRI,209.18499755859375,24389341246.032715,Consumer Discretionary,Restaurants,Strong Buy,4,BUY,NEUTRAL,,,,NEUTRAL,Buy,2.0,27.0,778620,1.7
ZM,ZM,82.73500061035156,24742220420.62549,Information Technology,Application Software,Strong Buy,4,BUY,NEUTRAL,,,,NEUTRAL,Buy,2.25,27.0,5483720,1.7
HBAN,HBAN,17.834999084472656,26005071007.45996,Financials,Regional Banks,Strong Buy,4,BUY,NEUTRAL,,,,NEUTRAL,Buy,1.71429,20.0,25031300,1.7
FITB,FITB,46.01499938964844,30456728796.65625,Financials,Regional Banks,Strong Buy,4,BUY,NEUTRAL,,,,NEUTRAL,Buy,1.91667,22.0,3700620,1.7
RDDT,RDDT,231.3300018310547,43081440096.92383,Communication Services,Interactive Media & Services,Strong Buy,4,BUY,NEUTRAL,,,,NEUTRAL,Buy,2.07407,26.0,6164830,1.7
CCL,CCL,31.729999542236328,43714085663.39014,Consumer Discretionary,"Hotels, Resorts & Cruise Lines",Strong Buy,4,BUY,NEUTRAL,,,,NEUTRAL,Buy,1.71429,22.0,15957820,1.7
BKR,BKR,46.46500015258789,46341569868.901855,Energy,Oil & Gas Equipment & Services,Strong Buy,4,BUY,NEUTRAL,,,,NEUTRAL,Buy,1.91304,21.0,5095530,1.7
EW,EW,80.85980224609375,47654089899.09961,Health Care,Health Care Equipment,Strong Buy,4,BUY,NEUTRAL,,,,NEUTRAL,Buy,2.15152,30.0,4112730,1.7
LNG,LNG,237.25750732421875,52123476070.67871,Energy,Oil & Gas Midstream,Buy,3,BUY,NEUTRAL,,,,NEUTRAL,Buy,1.6087,21.0,1689670,1.7
MNST,MNST,63.459999084472656,61944593009.16016,Consumer Staples,Soft Drinks & Non-alcoholic Beverages,Strong Buy,4,BUY,NEUTRAL,,,,NEUTRAL,Buy,2.16,22.0,4730280,1.7
HLT,HLT,276.9700012207031,65092293736.81641,Consumer Discretionary,"Hotels, Resorts & Cruise Lines",Strong Buy,4,BUY,NEUTRAL,,,,NEUTRAL,Buy,2.32,24.0,1397460,1.7
ADSK,ADSK,316.96160888671875,67521000000.0,Information Technology,Application Software,Strong Buy,4,BUY,NEUTRAL,,,,NEUTRAL,Buy,1.6129,29.0,2151500,1.7
SPG,SPG,179.91000366210938,67806729686.02002,Real Estate,Retail REITs,Strong Buy,4,BUY,NEUTRAL,,,,NEUTRAL,Buy,2.25,20.0,1589690,1.7
NET,NET,208.58999633789062,72748820560.09082,Information Technology,Software - Infrastructure,Strong Buy,4,BUY,NEUTRAL,,,,NEUTRAL,Buy,2.11765,29.0,2080870,1.7
CVS,CVS,73.4800033569336,93095422760.91797,Health Care,Health Care Services,Strong Buy,4,BUY,NEUTRAL,,,,NEUTRAL,Buy,1.65385,24.0,5992500,1.7
RCL,RCL,360.5899963378906,97849237157.34863,Consumer Discretionary,"Hotels, Resorts & Cruise Lines",Strong Buy,4,BUY,NEUTRAL,,,,NEUTRAL,Buy,1.76923,23.0,1882810,1.7
ADI,ADI,244.25,119926329072.54492,Information Technology,Semiconductors,Strong Buy,4,BUY,NEUTRAL,,,,NEUTRAL,Buy,1.74286,32.0,4579050,1.7
PANW,PANW,193.63499450683594,129579302617.48828,Information Technology,Systems Software,Strong Buy,4,BUY,NEUTRAL,,,,NEUTRAL,Buy,1.77358,46.0,7256340,1.7
SYK,SYK,396.8599853515625,151481509979.99023,Health Care,Health Care Equipment,Strong Buy,4,BUY,NEUTRAL,,,,NEUTRAL,Buy,1.90323,27.0,982330,1.7
APP,APP,500.08270263671875,169263603474.15625,Information Technology,Application Software,Strong Buy,4,BUY,NEUTRAL,,,,NEUTRAL,Buy,1.76,21.0,5160070,1.7
ITT,ITT,169.66000366210938,13258439666.748047,Industrials,Industrial Machinery & Supplies & Components,Buy,2,NEUTRAL,,,,,NEUTRAL,Strong Buy,1.53846,12.0,296780,1.68
FLEX,FLEX,55.20000076293945,21054533758.960693,Information Technology,Electronic Manufacturing Services,Strong Buy,6,STRONG_BUY,NEUTRAL,,,,NEUTRAL,Buy,1.66667,7.0,3458670,1.68
CFG,CFG,52.0,22412893229.408203,Financials,Regional Banks,Strong Buy,4,BUY,NEUTRAL,,,,NEUTRAL,Buy,1.7,19.0,3750150,1.66
WSM,WSM,200.61000061035156,24401844474.334717,Consumer Discretionary,Homefurnishing Retail,Strong Buy,4,BUY,NEUTRAL,,,,NEUTRAL,Buy,2.3913,19.0,1698820,1.66
AFRM,AFRM,90.29000091552734,29363858460.99707,Information Technology,Software - Infrastructure,Strong Buy,4,BUY,NEUTRAL,,,,NEUTRAL,Buy,1.78261,19.0,12875710,1.66
FERG,FERG,235.91000366210938,47315739077.423096,Industrials,Industrial Machinery & Supplies & Components,Strong Buy,4,BUY,NEUTRAL,,,,NEUTRAL,Buy,1.95455,19.0,1127310,1.66
PSX,PSX,131.67999267578125,53215045360.10742,Energy,Oil & Gas Refining & Marketing,Strong Buy,4,BUY,NEUTRAL,,,,NEUTRAL,Buy,2.1,19.0,2134740,1.66
ALL,ALL,207.6199951171875,54756338141.75342,Financials,Property & Casualty Insurance,Strong Buy,4,BUY,NEUTRAL,,,,NEUTRAL,Buy,1.86364,19.0,1258390,1.66
NEM,NEM,74.79000091552734,82175045409.11719,Materials,Gold,Strong Buy,4,BUY,NEUTRAL,,,,NEUTRAL,Buy,2.0,19.0,8987630,1.66
WST,WST,248.7100067138672,17888378333.141113,Health Care,Health Care Supplies,Buy,2,NEUTRAL,,,,,NEUTRAL,Strong Buy,1.46154,11.0,499390,1.64
LOPE,LOPE,206.57000732421875,5808713763.427734,Consumer Discretionary,Education Services,Strong Buy,4,BUY,NEUTRAL,,,,NEUTRAL,Strong Buy,1.33333,3.0,228570,1.62
PENN,PENN,19.684999465942383,2868458535.5529785,Consumer Discretionary,Casinos & Gaming,Strong Buy,4,BUY,NEUTRAL,,,,NEUTRAL,Buy,2.15,18.0,2988380,1.6199999999999999
MGM,MGM,37.2599983215332,10141836501.21643,Consumer Discretionary,Casinos & Gaming,Buy,3,BUY,NEUTRAL,,,,NEUTRAL,Buy,1.90909,18.0,3825950,1.6199999999999999
PSTG,PSTG,77.93399810791016,25366673497.558594,Information Technology,Computer Hardware,Strong Buy,4,BUY,NEUTRAL,,,,NEUTRAL,Buy,1.9,18.0,5626150,1.6199999999999999
VLO,VLO,156.5050048828125,48660529090.39307,Energy,Oil & Gas Refining & Marketing,Strong Buy,4,BUY,NEUTRAL,,,,NEUTRAL,Buy,1.85,18.0,2399730,1.6199999999999999
WMS,WMS,143.3800048828125,11148168167.651367,Industrials,Building Products & Equipment,Buy,2,NEUTRAL,,,,,NEUTRAL,Strong Buy,1.4,10.0,828000,1.6
FTAI,FTAI,154.16000366210938,15832859622.60437,Industrials,Rental & Leasing Services,Buy,2,NEUTRAL,,,,,NEUTRAL,Strong Buy,1.4,10.0,1139160,1.6
HSY,HSY,184.39500427246094,37401563390.13672,Consumer Staples,Packaged Foods & Meats,Strong Buy,6,STRONG_BUY,NEUTRAL,,,,NEUTRAL,Hold,3.08333,22.0,1155080,1.6
GAP,GAP,23.739999771118164,8812403241.232178,Consumer Discretionary,Apparel Retail,Strong Buy,4,BUY,NEUTRAL,,,,NEUTRAL,Buy,2.38889,17.0,13936720,1.58
ALLY,ALLY,41.0,12621663584.105469,Financials,Credit Services,Strong Buy,4,BUY,NEUTRAL,,,,NEUTRAL,Buy,2.1,17.0,2434400,1.58
HEI,HEI,321.0899963378906,38905839952.23999,Industrials,Aerospace & Defense,Buy,3,BUY,NEUTRAL,,,,NEUTRAL,Buy,1.85,17.0,546830,1.58
ROST,ROST,152.91000366210938,50654651046.430664,Consumer Discretionary,Apparel Retail,Strong Buy,4,BUY,NEUTRAL,,,,NEUTRAL,Buy,1.63158,17.0,3752470,1.58
REXR,REXR,41.39500045776367,10152871147.361755,Real Estate,REIT - Industrial,Strong Buy,4,BUY,NEUTRAL,,,,NEUTRAL,Buy,2.4375,16.0,2574850,1.54
FHN,FHN,22.6299991607666,11482720903.785706,Financials,Regional Banks,Strong Buy,4,BUY,NEUTRAL,,,,NEUTRAL,Buy,1.9375,16.0,11231590,1.54
CIEN,CIEN,111.75,15747224697.490723,Information Technology,Communications Equipment,Strong Buy,4,BUY,NEUTRAL,,,,NEUTRAL,Buy,2.11765,16.0,2331770,1.54
TER,TER,119.30000305175781,18944122077.453613,Information Technology,Semiconductor Materials & Equipment,Strong Buy,4,BUY,NEUTRAL,,,,NEUTRAL,Buy,1.94118,16.0,3397690,1.54
AME,AME,186.77999877929688,43116802823.85254,Industrials,Electrical Components & Equipment,Strong Buy,4,BUY,NEUTRAL,,,,NEUTRAL,Buy,1.70588,16.0,1031740,1.54
APH,APH,112.13999938964844,136694209247.6543,Information Technology,Electronic Components,Strong Buy,4,BUY,NEUTRAL,,,,NEUTRAL,Buy,2.0,16.0,6780490,1.54
SNDK,SNDK,59.5,8682018003.02124,Information Technology,"Technology Hardware, Storage & Peripherals",Buy,3,BUY,NEUTRAL,,,,NEUTRAL,Buy,1.875,15.0,2243680,1.5
BWA,BWA,43.40999984741211,9384963831.907349,Consumer Discretionary,Automotive Parts & Equipment,Strong Buy,4,BUY,NEUTRAL,,,,NEUTRAL,Buy,2.0,15.0,2272270,1.5
WBS,WBS,62.119998931884766,10333631573.276855,Financials,Regional Banks,Strong Buy,4,BUY,NEUTRAL,,,,NEUTRAL,Buy,1.625,15.0,1045500,1.5
A,A,127.3499984741211,36027180519.104004,Health Care,Health Care Equipment,Strong Buy,4,BUY,NEUTRAL,,,,NEUTRAL,Buy,2.22222,15.0,1912450,1.5
DHI,DHI,176.27000427246094,52554790431.762695,Consumer Discretionary,Homebuilding,Strong Buy,4,BUY,NEUTRAL,,,,NEUTRAL,Buy,2.35,15.0,3544390,1.5
PVH,PVH,87.37000274658203,4191719635.852051,Consumer Discretionary,"Apparel, Accessories & Luxury Goods",Strong Buy,4,BUY,NEUTRAL,,,,NEUTRAL,Buy,2.07143,14.0,1526270,1.46
DINO,DINO,51.71900177001953,9688924746.957764,Energy,Oil & Gas Refining & Marketing,Strong Buy,4,BUY,NEUTRAL,,,,NEUTRAL,Buy,2.2,14.0,2493410,1.46
MTSI,MTSI,132.63999938964844,9866702416.123047,Information Technology,Semiconductors,Buy,3,BUY,NEUTRAL,,,,NEUTRAL,Buy,1.73333,14.0,755500,1.46
CNM,CNM,65.06999969482422,12829026041.590332,Industrials,Trading Companies & Distributors,Strong Buy,4,BUY,NEUTRAL,,,,NEUTRAL,Buy,2.07692,14.0,1454420,1.46
CRUS,CRUS,113.87999725341797,5836984415.003967,Information Technology,Semiconductors,Buy,2,NEUTRAL,,,,,NEUTRAL,Strong Buy,1.57143,6.0,486390,1.44
BYD,BYD,86.76000213623047,6949564467.178345,Consumer Discretionary,Casinos & Gaming,Strong Buy,4,BUY,NEUTRAL,,,,NEUTRAL,Buy,2.125,13.0,809570,1.42
DTM,DTM,104.26000213623047,10609357021.003723,Energy,Oil & Gas Midstream,Buy,3,BUY,NEUTRAL,,,,NEUTRAL,Buy,2.35714,13.0,729370,1.42
EWBC,EWBC,106.69000244140625,14769392215.530396,Financials,Regional Banks,Strong Buy,4,BUY,NEUTRAL,,,,NEUTRAL,Buy,1.92308,13.0,747430,1.42
AAL,AAL,13.300100326538086,8765894130.54419,Industrials,Passenger Airlines,Buy,2,NEUTRAL,,,,,NEUTRAL,Buy,2.22727,20.0,69593010,1.4
GLPI,GLPI,47.915000915527344,13570233815.917969,Real Estate,REIT - Specialty,Buy,2,NEUTRAL,,,,,NEUTRAL,Buy,2.08696,22.0,2048290,1.4
CHRW,CHRW,128.6300048828125,15168788589.614868,Industrials,Air Freight & Logistics,Buy,2,NEUTRAL,,,,,NEUTRAL,Buy,2.07692,25.0,1669870,1.4
KIM,KIM,22.514999389648438,15267474051.66626,Real Estate,Retail REITs,Buy,2,NEUTRAL,,,,,NEUTRAL,Buy,2.375,21.0,3555680,1.4
CELH,CELH,61.27000045776367,15766008729.945435,Consumer Staples,Soft Drinks & Non-alcoholic Beverages,Buy,2,NEUTRAL,,,,,NEUTRAL,Buy,1.85714,20.0,5568680,1.4
INCY,INCY,85.625,16721483343.658447,Health Care,Biotechnology,Buy,2,NEUTRAL,,,,,NEUTRAL,Buy,2.34615,23.0,1612070,1.4
U,U,39.5,16838821109.893799,Information Technology,Software - Application,Buy,2,NEUTRAL,,,,,NEUTRAL,Buy,2.18519,22.0,10932540,1.4
DECK,DECK,123.33999633789062,18269925408.52832,Consumer Discretionary,Footwear,Buy,2,NEUTRAL,,,,,NEUTRAL,Buy,2.32,21.0,2754700,1.4
DVN,DVN,35.5,22573360528.564453,Energy,Oil & Gas Exploration & Production,Buy,2,NEUTRAL,,,,,NEUTRAL,Buy,1.8,29.0,6794900,1.4
MDB,MDB,314.42498779296875,25585522246.808594,Information Technology,Systems Software,Buy,2,NEUTRAL,,,,,NEUTRAL,Buy,1.675,36.0,5988780,1.4
EXPE,EXPE,213.2100067138672,26358930657.958984,Consumer Discretionary,"Hotels, Resorts & Cruise Lines",Buy,2,NEUTRAL,,,,,NEUTRAL,Buy,2.28571,32.0,1431330,1.4
WRB,WRB,72.80000305175781,27658044282.13379,Financials,Property & Casualty Insurance,Strong Buy,6,STRONG_BUY,NEUTRAL,,,,NEUTRAL,Hold,2.5,15.0,1377310,1.4
MLM,MLM,613.7100219726562,36931395872.31445,Materials,Construction Materials,Buy,2,NEUTRAL,,,,,NEUTRAL,Buy,1.80952,22.0,419400,1.4
HUM,HUM,312.9064025878906,37626493986.81641,Health Care,Managed Health Care,Buy,2,NEUTRAL,,,,,NEUTRAL,Buy,2.44,22.0,1291230,1.4
GM,GM,57.904998779296875,55139599168.29346,Consumer Discretionary,Automobile Manufacturers,Buy,2,NEUTRAL,,,,,NEUTRAL,Buy,2.25,25.0,6735200,1.4
ALNY,ALNY,454.79998779296875,59577373605.10254,Health Care,Biotechnology,Buy,2,NEUTRAL,,,,,NEUTRAL,Buy,1.8125,28.0,1019130,1.4
SNOW,SNOW,219.80999755859375,73389742481.66602,Information Technology,Software - Application,Buy,2,NEUTRAL,,,,,NEUTRAL,Buy,1.60784,47.0,10493430,1.4
PH,PH,749.9600219726562,95052039167.84668,Industrials,Industrial Machinery & Supplies & Components,Buy,2,NEUTRAL,,,,,NEUTRAL,Buy,1.75,21.0,634050,1.4
LOW,LOW,263.510009765625,147788604163.07227,Consumer Discretionary,Home Improvement Retail,Buy,2,NEUTRAL,,,,,NEUTRAL,Buy,1.97143,31.0,2681320,1.4
QCOM,QCOM,158.86000061035156,171026910412.875,Information Technology,Semiconductors,Buy,2,NEUTRAL,,,,,NEUTRAL,Buy,2.19444,27.0,7019720,1.4
C,C,96.30999755859375,177389122040.07617,Financials,Diversified Banks,Buy,2,NEUTRAL,,,,,NEUTRAL,Buy,1.81818,21.0,13072860,1.4
MSM,MSM,91.66000366210938,5109924856.036377,Industrials,Trading Companies & Distributors,Strong Buy,6,STRONG_BUY,NEUTRAL,STRONG_BUY,MSM,NYSE,NEUTRAL,Hold,2.81818,7.0,430050,1.3800000000000001
UTHR,UTHR,376.2550048828125,17099611601.376343,Health Care,Biotechnology,Strong Buy,4,BUY,NEUTRAL,,,,NEUTRAL,Buy,1.85714,12.0,1035290,1.38
GLW,GLW,69.62000274658203,59552150560.546875,Information Technology,Electronic Components,Strong Buy,4,BUY,NEUTRAL,,,,NEUTRAL,Buy,1.69231,12.0,6366460,1.38
NTAP,NTAP,118.25499725341797,23551929851.83716,Information Technology,"Technology Hardware, Storage & Peripherals",Strong Buy,6,STRONG_BUY,NEUTRAL,,,,NEUTRAL,Hold,2.5,14.0,2603810,1.36
H,H,144.86500549316406,13840550458.602905,Consumer Discretionary,Lodging,Buy,2,NEUTRAL,,,,,NEUTRAL,Buy,2.1,19.0,834550,1.3599999999999999
PTC,PTC,212.8350067138672,25508721712.46338,Information Technology,Application Software,Buy,2,NEUTRAL,,,,,NEUTRAL,Buy,1.78947,19.0,761390,1.3599999999999999
MTB,MTB,200.76499938964844,31389751660.007812,Financials,Regional Banks,Buy,2,NEUTRAL,,,,,NEUTRAL,Buy,2.1,19.0,900990,1.3599999999999999
FCX,FCX,45.64500045776367,65578792923.79443,Materials,Copper,Buy,2,NEUTRAL,,,,,NEUTRAL,Buy,2.1,19.0,9908300,1.3599999999999999
WELL,WELL,166.39999389648438,111372905713.21289,Real Estate,Health Care REITs,Buy,2,NEUTRAL,,,,,NEUTRAL,Buy,1.63158,19.0,2253290,1.3599999999999999
TNL,TNL,63.189998626708984,4103917231.4353943,Consumer Discretionary,"Hotels, Resorts & Cruise Lines",Strong Buy,4,BUY,NEUTRAL,,,,NEUTRAL,Buy,1.66667,11.0,711360,1.3399999999999999
GTES,GTES,25.704999923706055,6625060303.1311035,Industrials,Specialty Industrial Machinery,Strong Buy,4,BUY,NEUTRAL,,,,NEUTRAL,Buy,1.63636,11.0,1875140,1.3399999999999999
GL,GL,141.0500030517578,11426766905.614746,Financials,Life & Health Insurance,Strong Buy,4,BUY,NEUTRAL,,,,NEUTRAL,Buy,1.72727,11.0,470130,1.3399999999999999
SNX,SNX,148.15499877929688,12211728911.321777,Information Technology,Technology Distributors,Buy,3,BUY,NEUTRAL,,,,NEUTRAL,Buy,1.63636,11.0,472500,1.3399999999999999
LSCC,LSCC,67.0,9186653076.342285,Information Technology,Semiconductors,Strong Buy,6,STRONG_BUY,NEUTRAL,,,,NEUTRAL,,,13.0,2173240,1.32
AXTA,AXTA,30.989999771118164,6692136517.383575,Materials,Specialty Chemicals,Buy,2,NEUTRAL,,,,,NEUTRAL,Buy,1.94737,18.0,2030330,1.3199999999999998
CGNX,CGNX,44.0099983215332,7388396026.375488,Information Technology,Electronic Equipment & Instruments,Buy,2,NEUTRAL,,,,,NEUTRAL,Buy,2.0,18.0,1869290,1.3199999999999998
FRT,FRT,100.12999725341797,8646588646.708496,Real Estate,Retail REITs,Buy,2,NEUTRAL,,,,,NEUTRAL,Buy,2.0,18.0,634020,1.3199999999999998
MPC,MPC,179.5850067138672,54641513301.086426,Energy,Oil & Gas Refining & Marketing,Buy,2,NEUTRAL,,,,,NEUTRAL,Buy,2.26316,18.0,1862000,1.3199999999999998
URI,URI,956.989990234375,61568735964.086914,Industrials,Trading Companies & Distributors,Buy,2,NEUTRAL,,,,,NEUTRAL,Buy,2.28571,18.0,538910,1.3199999999999998
GD,GD,322.70001220703125,86810764985.00293,Industrials,Aerospace & Defense,Buy,2,NEUTRAL,,,,,NEUTRAL,Buy,2.31818,18.0,804020,1.3199999999999998
SITE,SITE,146.15499877929688,6519685336.77063,Industrials,Industrial Distribution,Strong Buy,4,BUY,NEUTRAL,,,,NEUTRAL,Buy,2.18182,10.0,472370,1.2999999999999998
NDSN,NDSN,223.25999450683594,12544153029.359436,Industrials,Industrial Machinery & Supplies & Components,Strong Buy,4,BUY,NEUTRAL,,,,NEUTRAL,Buy,2.0,10.0,505260,1.2999999999999998
RBA,RBA,115.80000305175781,21756839888.294434,Industrials,Specialty Business Services,Strong Buy,4,BUY,NEUTRAL,,,,NEUTRAL,Buy,2.0,10.0,771190,1.2999999999999998
RH,RH,230.85960388183594,4325685773.699951,Consumer Discretionary,Homefurnishing Retail,Buy,2,NEUTRAL,,,,,NEUTRAL,Buy,2.4,17.0,1075730,1.28
EHC,EHC,124.41999816894531,12527547500.0,Health Care,Health Care Facilities,Strong Buy,6,STRONG_BUY,NEUTRAL,,,,NEUTRAL,,,12.0,721160,1.28
LH,LH,273.6000061035156,22736160507.20215,Health Care,Health Care Services,Buy,2,NEUTRAL,,,,,NEUTRAL,Buy,1.63158,17.0,438610,1.28
IBKR,IBKR,64.41999816894531,106297197107.59668,Financials,Investment Banking & Brokerage,Strong Buy,4,BUY,NEUTRAL,,,,NEUTRAL,Buy,2.0,9.0,15601700,1.2599999999999998
MHK,MHK,133.52999877929688,8301443196.922302,Consumer Discretionary,Home Furnishings,Buy,2,NEUTRAL,,,,,NEUTRAL,Buy,2.11765,16.0,650230,1.24
AN,AN,224.20750427246094,8450102968.902588,Consumer Discretionary,Automotive Retail,Strong Buy,6,STRONG_BUY,NEUTRAL,,,,NEUTRAL,,,11.0,358230,1.24
SJM,SJM,111.8949966430664,11930583745.34607,Consumer Staples,Packaged Foods & Meats,Buy,2,NEUTRAL,,,,,NEUTRAL,Buy,2.36842,16.0,3051810,1.24
BPOP,BPOP,125.12000274658203,8459338952.252197,Financials,Banks - Regional,Strong Buy,4,BUY,NEUTRAL,,,,NEUTRAL,Buy,1.875,8.0,611480,1.22
EQH,EQH,53.755001068115234,16082087428.649902,Financials,Asset Management,Strong Buy,5,STRONG_BUY,NEUTRAL,,,,NEUTRAL,,,10.0,2771360,1.2000000000000002
YETI,YETI,36.11000061035156,2926914034.6061707,Consumer Discretionary,Leisure Products,Buy,2,NEUTRAL,,,,,NEUTRAL,Buy,2.41176,15.0,1703900,1.2
CIVI,CIVI,35.78499984741211,3569947369.7776794,Energy,Oil & Gas Exploration & Production,Buy,2,NEUTRAL,,,,,NEUTRAL,Buy,2.25,15.0,2868390,1.2
BC,BC,64.93000030517578,4238662124.5635986,Consumer Discretionary,Leisure Products,Buy,2,NEUTRAL,,,,,NEUTRAL,Buy,2.16667,15.0,715540,1.2
BBWI,BBWI,32.185001373291016,6613480257.30896,Consumer Discretionary,Other Specialty Retail,Buy,2,NEUTRAL,,,,,NEUTRAL,Buy,1.6875,15.0,7076060,1.2
FR,FR,51.54499816894531,6950028000.0,Real Estate,REIT - Industrial,Buy,2,NEUTRAL,,,,,NEUTRAL,Buy,2.11765,15.0,895380,1.2
CG,CG,64.4000015258789,23326354161.394775,Financials,Asset Management,Buy,2,NEUTRAL,,,,,NEUTRAL,Buy,2.1875,15.0,2692310,1.2
RGLD,RGLD,180.09500122070312,11864684802.740479,Materials,Precious Metals & Minerals,Strong Buy,4,BUY,NEUTRAL,,,,NEUTRAL,Buy,1.71429,7.0,695340,1.18
ACHC,ACHC,23.790000915527344,2207083704.7725677,Health Care,Health Care Facilities,Buy,2,NEUTRAL,,,,,NEUTRAL,Buy,1.71429,14.0,2207900,1.1600000000000001
SNV,SNV,51.67499923706055,7179636688.201904,Financials,Regional Banks,Buy,2,NEUTRAL,,,,,NEUTRAL,Buy,2.13333,14.0,1785260,1.1600000000000001
WLK,WLK,87.08000183105469,11176639095.687866,Materials,Specialty Chemicals,Buy,2,NEUTRAL,,,,,NEUTRAL,Buy,2.0,14.0,1106590,1.1600000000000001
OHI,OHI,42.42499923706055,12898552996.957031,Real Estate,REIT - Healthcare Facilities,Buy,2,NEUTRAL,,,,,NEUTRAL,Buy,2.25,14.0,1847500,1.1600000000000001
MET,MET,81.48999786376953,54262795976.2793,Financials,Life & Health Insurance,Buy,2,NEUTRAL,,,,,NEUTRAL,Buy,1.875,14.0,2736280,1.1600000000000001
CINF,CINF,154.6699981689453,24180421643.554688,Financials,Property & Casualty Insurance,Strong Buy,4,BUY,NEUTRAL,,,,NEUTRAL,Buy,2.125,6.0,430970,1.14
AU,AU,58.47999954223633,29552760814.91089,Materials,Gold,Strong Buy,4,BUY,NEUTRAL,,,,NEUTRAL,Buy,2.33333,6.0,3184400,1.14
UNM,UNM,72.6500015258789,12388566674.252197,Financials,Life & Health Insurance,Buy,2,NEUTRAL,,,,,NEUTRAL,Buy,1.84615,13.0,1275380,1.12
LYFT,LYFT,16.790000915527344,6813999613.6875,Industrials,Passenger Ground Transportation,Strong Buy,4,BUY,NEUTRAL,,,,NEUTRAL,Hold,2.52273,36.0,20990120,1.1
APA,APA,23.405000686645508,8366825317.730713,Energy,Oil & Gas Exploration & Production,Strong Buy,4,BUY,NEUTRAL,,,,NEUTRAL,Hold,2.96552,28.0,6121750,1.1
ZION,ZION,57.45000076293945,8486904007.781982,Financials,Regional Banks,Strong Buy,4,BUY,NEUTRAL,,,,NEUTRAL,Hold,2.73913,21.0,1255080,1.1
NBIX,NBIX,137.97000122070312,13671178148.146484,Health Care,Biotechnology,Strong Buy,4,BUY,NEUTRAL,,,,NEUTRAL,,,26.0,723670,1.1
PODD,PODD,348.9599914550781,24526154401.53174,Health Care,Medical Devices,Strong Buy,4,BUY,NEUTRAL,,,,NEUTRAL,,,23.0,546140,1.1
SYF,SYF,76.69000244140625,28540567612.010742,Financials,Consumer Finance,Strong Buy,4,BUY,NEUTRAL,,,,NEUTRAL,,,21.0,2826330,1.1
TFC,TFC,46.52899932861328,59984749390.25879,Financials,Regional Banks,Strong Buy,4,BUY,NEUTRAL,,,,NEUTRAL,,,21.0,7440550,1.1
USB,USB,48.830101013183594,76004317493.13574,Financials,Diversified Banks,Strong Buy,4,BUY,NEUTRAL,,,,NEUTRAL,,,22.0,8959280,1.1
PNC,PNC,206.1199951171875,81183312295.59277,Financials,Regional Banks,Strong Buy,4,BUY,NEUTRAL,,,,NEUTRAL,,,22.0,1746380,1.1
ORLY,ORLY,104.38999938964844,88813907089.66992,Consumer Discretionary,Automotive Retail,Strong Buy,4,BUY,NEUTRAL,,,,NEUTRAL,,,22.0,3687410,1.1
CVNA,CVNA,363.0849914550781,115893774783.66797,Consumer Discretionary,Automotive Retail,Buy,3,BUY,NEUTRAL,,,,NEUTRAL,,,20.0,2399890,1.1
COF,COF,224.6649932861328,143641911963.4502,Financials,Consumer Finance,Strong Buy,4,BUY,NEUTRAL,,,,NEUTRAL,,,21.0,3071410,1.1
DAY,DAY,69.55000305175781,10975848046.717041,Industrials,Human Resource & Employment Services,Buy,2,NEUTRAL,,,,,NEUTRAL,Buy,2.46667,12.0,3755400,1.08
ARE,ARE,81.75499725341797,13954733521.380615,Real Estate,Office REITs,Buy,2,NEUTRAL,,,,,NEUTRAL,Buy,2.41667,12.0,1040170,1.08
CPB,CPB,32.869998931884766,9790588720.051025,Consumer Staples,Packaged Foods & Meats,Buy,3,BUY,NEUTRAL,,,,NEUTRAL,Hold,3.04762,19.0,8852020,1.06
SCHW,SCHW,97.21029663085938,176303239392.0,Financials,Investment Banking & Brokerage,Strong Buy,4,BUY,NEUTRAL,,,,NEUTRAL,,,19.0,7665840,1.06
APPF,APPF,276.45001220703125,9911562287.658691,Information Technology,Application Software,Buy,3,BUY,NEUTRAL,,,,NEUTRAL,Buy,2.0,4.0,251240,1.0599999999999998
TEM,TEM,75.625,13666052527.770996,Health Care,Health Information Services,Buy,2,NEUTRAL,,,,,NEUTRAL,Buy,2.15385,11.0,10153620,1.04
CBRE,CBRE,160.52999877929688,47677073585.03223,Real Estate,Real Estate Services,Buy,2,NEUTRAL,,,,,NEUTRAL,Buy,1.83333,11.0,1755720,1.04
VMI,VMI,372.57000732421875,7353973089.569092,Industrials,Industrial Machinery & Supplies & Components,Strong Buy,4,BUY,NEUTRAL,,,,NEUTRAL,Buy,2.0,3.0,240750,1.02
DOCS,DOCS,68.16000366210938,12718068471.341064,Health Care,Health Information Services,Strong Buy,4,BUY,NEUTRAL,,,,NEUTRAL,,,18.0,1253700,1.02
FOXA,FOXA,60.11000061035156,25527458869.72046,Communication Services,Movies & Entertainment,Strong Buy,4,BUY,NEUTRAL,,,,NEUTRAL,,,18.0,2658190,1.02
VRSN,VRSN,275.16949462890625,25717256436.14502,Information Technology,Internet Services & Infrastructure,Buy,3,BUY,NEUTRAL,,,,NEUTRAL,Buy,2.0,3.0,677780,1.02
AFG,AFG,138.8800048828125,11601008389.45996,Financials,Multi-line Insurance,Strong Buy,6,STRONG_BUY,NEUTRAL,BUY,AFG,NYSE,NEUTRAL,Hold,2.66667,5.0,389710,1.0
HOG,HOG,29.989999771118164,3644766779.1900635,Consumer Discretionary,Motorcycle Manufacturers,Buy,2,NEUTRAL,,,,,NEUTRAL,Buy,2.28571,9.0,1568260,0.96
GNTX,GNTX,27.915000915527344,6118255652.0,Consumer Discretionary,Automotive Parts & Equipment,Buy,2,NEUTRAL,,,,,NEUTRAL,Buy,2.11111,9.0,1873900,0.96
RGA,RGA,196.85499572753906,13033036583.361816,Financials,Reinsurance,Buy,2,NEUTRAL,,,,,NEUTRAL,Buy,2.1,9.0,288550,0.96
JLL,JLL,303.94500732421875,14401042043.676758,Real Estate,Real Estate Services,Buy,2,NEUTRAL,,,,,NEUTRAL,Buy,1.81818,9.0,377420,0.96
PKG,PKG,214.9375,19358038977.0813,Materials,Paper & Plastic Packaging Products & Materials,Buy,2,NEUTRAL,,,,,NEUTRAL,Buy,2.4,9.0,1044110,0.96
GPC,GPC,141.0399932861328,19620317180.41992,Consumer Discretionary,Automotive Parts & Equipment,Buy,2,NEUTRAL,,,,,NEUTRAL,Buy,2.41667,9.0,896310,0.96
SSNC,SSNC,88.06500244140625,21543784358.410645,Information Technology,Software - Application,Buy,2,NEUTRAL,,,,,NEUTRAL,Buy,1.7,9.0,1114690,0.96
UHS,UHS,185.82000732421875,11806887933.31604,Health Care,Health Care Facilities,Strong Buy,4,BUY,NEUTRAL,,,,NEUTRAL,,,16.0,712040,0.94
AL,AL,63.619998931884766,7111048125.0,Industrials,Rental & Leasing Services,Strong Buy,6,STRONG_BUY,NEUTRAL,,,,NEUTRAL,Hold,2.66667,3.0,2461250,0.92
WFRD,WFRD,62.47999954223633,4490046751.728058,Energy,Oil & Gas Equipment & Services,Buy,2,NEUTRAL,,,,,NEUTRAL,Buy,1.875,8.0,930660,0.9199999999999999
AMKR,AMKR,24.010000228881836,5921546245.413818,Information Technology,Semiconductors,Buy,2,NEUTRAL,,,,,NEUTRAL,Buy,2.33333,8.0,1689580,0.9199999999999999
CPRT,CPRT,49.494998931884766,47839157124.572754,Industrials,Diversified Support Services,Buy,2,NEUTRAL,,,,,NEUTRAL,Buy,2.18182,8.0,6003630,0.9199999999999999
MSI,MSI,477.3299865722656,79533418333.4961,Information Technology,Communications Equipment,Buy,2,NEUTRAL,,,,,NEUTRAL,Buy,1.84615,8.0,995350,0.9199999999999999
KRC,KRC,41.349998474121094,4893231508.552551,Real Estate,REIT - Office,Strong Buy,4,BUY,NEUTRAL,,,,NEUTRAL,Hold,3.0,15.0,1219500,0.8999999999999999
HXL,HXL,64.33999633789062,5117113576.486328,Industrials,Aerospace & Defense,Strong Buy,4,BUY,NEUTRAL,,,,NEUTRAL,Hold,2.66667,15.0,871500,0.8999999999999999
STWD,STWD,20.290000915527344,7642150719.794189,Financials,REIT - Mortgage,Buy,2,NEUTRAL,,,,,NEUTRAL,Buy,2.125,7.0,2257200,0.88
UI,UI,567.5900268554688,34124896574.298096,Information Technology,Communication Equipment,Strong Buy,6,STRONG_BUY,NEUTRAL,,,,NEUTRAL,Hold,3.0,2.0,298250,0.88
SCCO,SCCO,99.91000366210938,81182352182.52246,Materials,Copper,Strong Buy,4,BUY,NEUTRAL,,,,NEUTRAL,Hold,3.26667,14.0,1010000,0.8600000000000001
SF,SF,114.66999816894531,11723841165.626526,Financials,Investment Banking & Brokerage,Buy,2,NEUTRAL,,,,,NEUTRAL,Buy,2.16667,6.0,687040,0.84
PK,PK,11.941900253295898,2387972668.991089,Real Estate,Hotel & Resort REITs,Strong Buy,4,BUY,NEUTRAL,,,,NEUTRAL,Hold,2.6,13.0,3399650,0.8200000000000001
ADTN,ADTN,9.800000190734863,777306865.0537491,Technology,Communication Equipment,Buy,2,NEUTRAL,,,,,NEUTRAL,Buy,1.875,5.0,720510,0.8
VFC,VFC,14.694999694824219,5734257561.766846,Consumer Discretionary,"Apparel, Accessories & Luxury Goods",Buy,2,NEUTRAL,,,,,NEUTRAL,Hold,2.65217,20.0,7826780,0.8
ADT,ADT,8.755000114440918,7171608461.029175,Consumer Discretionary,Security & Protection Services,Buy,2,NEUTRAL,,,,,NEUTRAL,Buy,2.2,5.0,9049480,0.8
TTC,TTC,80.02999877929688,7881994862.567261,Industrials,Agricultural & Farm Machinery,Buy,2,NEUTRAL,,,,,NEUTRAL,Buy,2.16667,5.0,869210,0.8
QRVO,QRVO,91.05000305175781,8436174661.958496,Information Technology,Semiconductors,Buy,2,NEUTRAL,,,,,NEUTRAL,Hold,2.73077,21.0,1362010,0.8
CMA,CMA,70.30000305175781,9028881250.0,Financials,Diversified Banks,Buy,2,NEUTRAL,,,,,NEUTRAL,Hold,3.18182,20.0,1950480,0.8
EVR,EVR,315.6300048828125,12339143371.73462,Financials,Investment Banking & Brokerage,Buy,2,NEUTRAL,,,,,NEUTRAL,Buy,1.66667,5.0,383230,0.8
RIVN,RIVN,13.579999923706055,16541962815.02124,Consumer Discretionary,Auto Manufacturers,Buy,2,NEUTRAL,,,,,NEUTRAL,Hold,2.65385,24.0,49146930,0.8
OXY,OXY,46.630001068115234,45988114750.21362,Energy,Oil & Gas Exploration & Production,Buy,2,NEUTRAL,,,,,NEUTRAL,Hold,2.83333,23.0,8306160,0.8
F,F,11.649999618530273,46347061459.603516,Consumer Discretionary,Automobile Manufacturers,Buy,2,NEUTRAL,,,,,NEUTRAL,Hold,3.04167,22.0,48800970,0.8
INTC,INTC,24.274999618530273,106486671127.07227,Information Technology,Semiconductors,Buy,2,NEUTRAL,,,,,NEUTRAL,Hold,3.04545,35.0,101462460,0.8
M,M,16.795000076293945,4494128160.095215,Consumer Discretionary,Department Stores,Strong Buy,4,BUY,NEUTRAL,,,,NEUTRAL,Hold,2.76923,12.0,11798360,0.78
LEA,LEA,110.08999633789062,5848680704.872131,Consumer Discretionary,Automotive Parts & Equipment,Strong Buy,4,BUY,NEUTRAL,,,,NEUTRAL,,,12.0,521350,0.78
AOS,AOS,71.87999725341797,10070442150.650024,Industrials,Building Products,Buy,3,BUY,NEUTRAL,,,,NEUTRAL,Hold,2.6,12.0,973130,0.78
BLD,BLD,426.1050109863281,11990083683.14209,Consumer Discretionary,Engineering & Construction,Strong Buy,4,BUY,NEUTRAL,,,,NEUTRAL,,,12.0,311020,0.78
RKT,RKT,18.440000534057617,38910569907.6499,Financials,Mortgage Finance,Strong Buy,4,BUY,NEUTRAL,,,,NEUTRAL,Hold,2.76923,12.0,17700600,0.78
HHH,HHH,76.9000015258789,4566764092.849731,Real Estate,Real Estate - Development,Buy,2,NEUTRAL,,,,,NEUTRAL,Buy,1.75,4.0,315040,0.76
MTCH,MTCH,37.29999923706055,8975200416.419983,Communication Services,Interactive Media & Services,Buy,2,NEUTRAL,,,,,NEUTRAL,,,19.0,3356690,0.76
FNF,FNF,59.810001373291016,16274849688.544922,Financials,Insurance - Specialty,Buy,2,NEUTRAL,,,,,NEUTRAL,Buy,1.75,4.0,1028210,0.76
WU,WU,8.704999923706055,2812655181.281769,Information Technology,Data Processing & Outsourced Services,Strong Buy,4,BUY,NEUTRAL,,,,NEUTRAL,Hold,3.46667,11.0,8760750,0.74
STAG,STAG,36.334999084472656,6935613316.314697,Real Estate,REIT - Industrial,Strong Buy,4,BUY,NEUTRAL,,,,NEUTRAL,,,11.0,1075090,0.74
LNC,LNC,43.130001068115234,8174689397.506714,Financials,Multi-line Insurance,Strong Buy,4,BUY,NEUTRAL,,,,NEUTRAL,,,11.0,1541790,0.74
RJF,RJF,169.88999938964844,33843441255.249023,Financials,Investment Banking & Brokerage,Strong Buy,4,BUY,NEUTRAL,,,,NEUTRAL,,,11.0,801790,0.74
SOFI,SOFI,24.80500030517578,29882364259.361816,Financials,Credit Services,Buy,2,NEUTRAL,,,,,NEUTRAL,Hold,2.81818,18.0,76049290,0.72
SPR,SPR,41.16999816894531,4827095161.66687,Industrials,Aerospace & Defense,Buy,3,BUY,NEUTRAL,,,,NEUTRAL,,,10.0,841020,0.7
SKX,SKX,63.22999954223633,9498945822.418213,Consumer Discretionary,Footwear,Strong Buy,4,BUY,NEUTRAL,,,,NEUTRAL,Hold,2.64286,10.0,2413210,0.7
BEN,BEN,25.549999237060547,13268028587.885742,Financials,Asset Management & Custody Banks,Strong Buy,4,BUY,NEUTRAL,,,,NEUTRAL,,,10.0,3243770,0.7
CLX,CLX,123.43000030517578,15102715730.58319,Consumer Staples,Household Products,Buy,2,NEUTRAL,,,,,NEUTRAL,Hold,3.15789,17.0,1888200,0.68
OZK,OZK,52.65999984741211,5933927914.375305,Financials,Regional Banks,Strong Buy,4,BUY,NEUTRAL,,,,NEUTRAL,,,9.0,800370,0.6599999999999999
OLED,OLED,142.85000610351562,6777901403.924561,Information Technology,Semiconductors,Buy,3,BUY,NEUTRAL,,,,NEUTRAL,,,9.0,501020,0.6599999999999999
HALO,HALO,74.0,8666010511.657715,Health Care,Biotechnology,Strong Buy,4,BUY,NEUTRAL,,,,NEUTRAL,,,9.0,2083770,0.6599999999999999
SARO,SARO,27.5,9196253370.618408,Industrials,Aerospace & Defense,Buy,3,BUY,NEUTRAL,,,,NEUTRAL,,,9.0,1381040,0.6599999999999999
FYBR,FYBR,37.13999938964844,9309215127.01416,Communication Services,Telecom Services,Strong Buy,4,BUY,NEUTRAL,,,,NEUTRAL,Hold,3.08333,9.0,2515080,0.6599999999999999
REYN,REYN,23.645000457763672,4974185980.567383,Consumer Staples,Packaging & Containers,Strong Buy,4,BUY,NEUTRAL,,,,NEUTRAL,,,8.0,912970,0.62
TFX,TFX,128.9250030517578,5692916819.677734,Health Care,Health Care Equipment,Strong Buy,4,BUY,NEUTRAL,,,,NEUTRAL,Hold,3.0,8.0,566670,0.62
FNB,FNB,16.594999313354492,5959994433.395386,Financials,Regional Banks,Strong Buy,4,BUY,NEUTRAL,,,,NEUTRAL,,,8.0,9634010,0.62
HR,HR,17.3799991607666,6179690458.572388,Real Estate,REIT - Healthcare Facilities,Strong Buy,4,BUY,NEUTRAL,,,,NEUTRAL,Hold,3.0,8.0,3059340,0.62
RPRX,RPRX,36.415000915527344,21023800504.88965,Health Care,Biotechnology,Buy,3,BUY,NEUTRAL,,,,NEUTRAL,,,8.0,3394910,0.62
OLN,OLN,24.25,2775482715.0421143,Materials,Diversified Chemicals,Buy,2,NEUTRAL,,,,,NEUTRAL,,,15.0,1914270,0.6
EXPD,EXPD,121.0999984741211,16424713892.560303,Industrials,Air Freight & Logistics,Buy,2,NEUTRAL,,,,,NEUTRAL,Sell,3.64706,15.0,1212530,0.6
HPQ,HPQ,28.68000030517578,26797906870.032104,Information Technology,"Technology Hardware, Storage & Peripherals",Buy,2,NEUTRAL,,,,,NEUTRAL,Hold,2.8125,15.0,10663500,0.6
AM,AM,17.905000686645508,8563556860.700684,Energy,Oil & Gas Midstream,Buy,3,BUY,NEUTRAL,,,,NEUTRAL,Hold,3.375,7.0,2142840,0.5800000000000001
SAM,SAM,222.4199981689453,2386868750.0,Consumer Staples,Brewers,Buy,2,NEUTRAL,,,,,NEUTRAL,Hold,2.9375,14.0,209410,0.56
SEE,SEE,32.5,4771761857.515747,Materials,Paper & Plastic Packaging Products & Materials,Buy,2,NEUTRAL,,,,,NEUTRAL,,,14.0,1227890,0.56
VNO,VNO,39.959999084472656,8338478421.734863,Real Estate,Office REITs,Buy,2,NEUTRAL,,,,,NEUTRAL,Hold,3.0,14.0,2219060,0.56
K,K,79.5,27625777786.01953,Consumer Staples,Packaged Foods & Meats,Buy,2,NEUTRAL,,,,,NEUTRAL,Hold,3.0,14.0,2492500,0.56
LEN,LEN,136.9980010986328,35320714789.33716,Consumer Discretionary,Homebuilding,Buy,2,NEUTRAL,,,,,NEUTRAL,Hold,2.57895,14.0,2869770,0.56
PRU,PRU,108.32990264892578,38127745449.46655,Financials,Life & Health Insurance,Buy,2,NEUTRAL,,,,,NEUTRAL,,,14.0,1571080,0.56
EVER,EVER,23.389999389648438,852795325.2714157,Communication Services,Internet Content & Information,Buy,3,BUY,NEUTRAL,,,,NEUTRAL,,,6.0,437260,0.54
CXT,CXT,61.3849983215332,3526051653.238678,Industrials,Industrial Machinery & Supplies & Components,Strong Buy,4,BUY,NEUTRAL,,,,NEUTRAL,,,6.0,428530,0.54
MTG,MTG,28.145000457763672,6497290857.367432,Financials,Reinsurance,Strong Buy,4,BUY,NEUTRAL,,,,NEUTRAL,,,6.0,1449730,0.54
COOP,COOP,195.3000030517578,12497891685.292053,Financials,Commercial & Residential Mortgage Finance,Strong Buy,4,BUY,NEUTRAL,,,,NEUTRAL,,,6.0,766320,0.54
EME,EME,635.8599853515625,28414974840.490723,Industrials,Construction & Engineering,Strong Buy,4,BUY,NEUTRAL,,,,NEUTRAL,,,6.0,310390,0.54
MPWR,MPWR,835.4000244140625,41095666320.99609,Information Technology,Semiconductors,Buy,2,NEUTRAL,,,,,NEUTRAL,,,13.0,470050,0.52
GWW,GWW,1023.7899780273438,49036138576.00098,Industrials,Industrial Machinery & Supplies & Components,Buy,2,NEUTRAL,,,,,NEUTRAL,Hold,2.84211,13.0,313000,0.52
AFL,AFL,107.81999969482422,57743027820.11035,Financials,Life & Health Insurance,Buy,2,NEUTRAL,,,,,NEUTRAL,,,13.0,2819800,0.52
BK,BK,105.44000244140625,74399403763.88232,Financials,Asset Management & Custody Banks,Buy,2,NEUTRAL,,,,,NEUTRAL,,,13.0,2825710,0.52
FULT,FULT,19.5,3553759448.852539,Financial Services,Banks - Regional,Strong Buy,4,BUY,NEUTRAL,,,,NEUTRAL,,,5.0,1244820,0.5
DCI,DCI,80.04000091552734,9321600000.0,Industrials,Industrial Machinery & Supplies & Components,Strong Buy,4,BUY,NEUTRAL,,,,NEUTRAL,Hold,3.125,5.0,925130,0.5
THO,THO,110.80999755859375,5859929979.336548,Consumer Discretionary,Leisure Products,Buy,2,NEUTRAL,,,,,NEUTRAL,Hold,2.66667,12.0,644230,0.48
COLB,COLB,26.780000686645508,8011799799.664429,Financials,Regional Banks,Buy,2,NEUTRAL,,,,,NEUTRAL,Hold,2.66667,12.0,6745130,0.48
GTLS,GTLS,198.98500061035156,8945932114.242554,Industrials,Specialty Industrial Machinery,Buy,2,NEUTRAL,,,,,NEUTRAL,,,12.0,1652390,0.48
IVZ,IVZ,21.829999923706055,9730934343.902588,Financials,Asset Management & Custody Banks,Buy,2,NEUTRAL,,,,,NEUTRAL,,,12.0,3640760,0.48
HAS,HAS,80.04000091552734,11236869263.798584,Consumer Discretionary,Leisure Products,Buy,2,NEUTRAL,,,,,NEUTRAL,,,12.0,1283940,0.48
PFG,PFG,80.8499984741211,18023044768.066406,Financials,Life & Health Insurance,Buy,2,NEUTRAL,,,,,NEUTRAL,,,12.0,1100600,0.48
TROW,TROW,111.37999725341797,24533378597.90039,Financials,Asset Management & Custody Banks,Buy,2,NEUTRAL,,,,,NEUTRAL,,,12.0,1153590,0.48
MO,MO,66.41000366210938,111645491052.09473,Consumer Staples,Tobacco,Buy,2,NEUTRAL,,,,,NEUTRAL,Hold,2.66667,12.0,6902320,0.48
VNT,VNT,42.90999984741211,6283997335.05249,Information Technology,Electronic Equipment & Instruments,Buy,2,NEUTRAL,,,,,NEUTRAL,,,11.0,870250,0.44
MEDP,MEDP,477.9599914550781,13426487284.240723,Health Care,Diagnostics & Research,Buy,2,NEUTRAL,,,,,NEUTRAL,Hold,3.33333,11.0,324310,0.44
ECG,ECG,76.88500213623047,4008606887.5595093,Industrials,Construction & Engineering,Strong Buy,4,BUY,NEUTRAL,,,,NEUTRAL,,,3.0,434910,0.42
DNB,DNB,9.149999618530273,4082629276.8,Industrials,Financial Data & Stock Exchanges,Strong Buy,4,BUY,NEUTRAL,,,,NEUTRAL,Sell,3.5,3.0,2426483,0.42
NWL,NWL,6.304999828338623,2621470547.9621887,Consumer Discretionary,Housewares & Specialties,Buy,2,NEUTRAL,,,,,NEUTRAL,,,10.0,7130790,0.4
ADM,ADM,61.59000015258789,29596581666.870117,Consumer Staples,Agricultural Products & Services,Buy,2,NEUTRAL,,,,,NEUTRAL,,,10.0,3802320,0.4
FAST,FAST,49.709999084472656,57843345632.87988,Industrials,Building Products,Buy,2,NEUTRAL,,,,,NEUTRAL,Hold,2.82353,10.0,5117900,0.4
NXST,NXST,206.02000427246094,6245206527.026367,Communication Services,Broadcasting,Buy,2,NEUTRAL,,,,,NEUTRAL,,,9.0,386080,0.36
AWI,AWI,195.97000122070312,8484305635.848999,Industrials,Building Products & Equipment,Buy,2,NEUTRAL,,,,,NEUTRAL,,,9.0,326950,0.36
TFSL,TFSL,13.524999618530273,3796305092.9260254,Financials,Banks - Regional,Buy,3,BUY,NEUTRAL,,,,NEUTRAL,,,1.0,416560,0.33999999999999997
HEI.A,HEI-A,252.4499969482422,38932372600.549805,Industrials,Aerospace & Defense,Buy,3,BUY,NEUTRAL,,,,NEUTRAL,Hold,3.0,1.0,240120,0.33999999999999997
COLM,COLM,57.34000015258789,3145994468.7847137,Consumer Discretionary,"Apparel, Accessories & Luxury Goods",Buy,2,NEUTRAL,,,,,NEUTRAL,,,8.0,743100,0.32
FHB,FHB,25.899999618530273,3227865152.458191,Financials,Regional Banks,Buy,2,NEUTRAL,,,,,NEUTRAL,Sell,3.77778,8.0,1086370,0.32
HIW,HIW,31.15999984741211,3392638796.705246,Real Estate,REIT - Office,Buy,2,NEUTRAL,,,,,NEUTRAL,Hold,2.77778,8.0,1109720,0.32
DBX,DBX,29.135000228881836,7870496078.745117,Information Technology,Software - Infrastructure,Buy,2,NEUTRAL,,,,,NEUTRAL,,,8.0,2878910,0.32
COKE,COKE,119.55999755859375,10306291384.30481,Consumer Staples,Soft Drinks & Non-alcoholic Beverages,Strong Buy,4,BUY,NEUTRAL,,,,NEUTRAL,,,,383760,0.3
L,L,97.32499694824219,20211589946.411133,Financials,Multi-line Insurance,Strong Buy,4,BUY,NEUTRAL,,,,NEUTRAL,,,,795420,0.3
FOX,FOX,54.75,25468215366.130127,Communication Services,Movies & Entertainment,Strong Buy,4,BUY,NEUTRAL,,,,NEUTRAL,,,,1281540,0.3
WBA,WBA,11.979999542236328,0.0,Consumer Staples,Drug Retail,Buy,2,NEUTRAL,,,,,NEUTRAL,Hold,2.75,7.0,61608768,0.28
MPW,MPW,4.385000228881836,2635823777.900879,Real Estate,Health Care REITs,Buy,2,NEUTRAL,,,,,NEUTRAL,Hold,3.3,7.0,7317120,0.28
OGN,OGN,9.664999961853027,2504772469.5014954,Health Care,Pharmaceuticals,Buy,2,NEUTRAL,,,,,NEUTRAL,Hold,3.0,6.0,3635560,0.24
IPGP,IPGP,82.41999816894531,3466676014.768982,Information Technology,Electronic Manufacturing Services,Buy,2,NEUTRAL,,,,,NEUTRAL,,,5.0,240030,0.2
LAZ,LAZ,55.810001373291016,5282127208.80661,Financials,Capital Markets,Buy,2,NEUTRAL,,,,,NEUTRAL,Hold,2.71429,5.0,826430,0.2
LAMR,LAMR,126.43000030517578,12823435357.1167,Real Estate,Other Specialized REITs,Buy,2,NEUTRAL,,,,,NEUTRAL,,,5.0,559270,0.2
FIX,FIX,710.77001953125,25144376093.35327,Industrials,Construction & Engineering,Buy,2,NEUTRAL,,,,,NEUTRAL,,,5.0,371900,0.2
FAF,FAF,65.46499633789062,6667900000.0,Financials,Property & Casualty Insurance,Buy,2,NEUTRAL,,,,,NEUTRAL,,,4.0,514010,0.16
KRMN,KRMN,53.290000915527344,7046146500.0,Industrials,Aerospace & Defense,Buy,3,NEUTRAL,NEUTRAL,,,,NEUTRAL,,,3.0,1054560,0.12
SSD,SSD,190.3800048828125,8007792416.430664,Industrials,Building Products,Buy,2,NEUTRAL,,,,,NEUTRAL,,,3.0,255310,0.12
JEF,JEF,64.6500015258789,13390422626.495361,Financials,Multi-Sector Holdings,Buy,2,NEUTRAL,,,,,NEUTRAL,Hold,2.75,3.0,1419570,0.12
MLI,MLI,96.43000030517578,10658846190.39917,Industrials,Industrial Machinery & Supplies & Components,Buy,2,NEUTRAL,,,,,NEUTRAL,,,2.0,643310,0.08
TLYS,TLYS,2.0850000381469727,62438556.50985241,Consumer Cyclical,Apparel Retail,Buy,2,NEUTRAL,,,,,NEUTRAL,Hold,3.0,1.0,288280,0.04
LLYVK,LLYVK,96.92500305175781,8844009523.6604,Communication Services,Entertainment,Buy,2,NEUTRAL,,,,,NEUTRAL,,,1.0,458160,0.04
