ticker_yf,ticker_tv,price,mcap_usd_final,avg_dollar_vol,tv_score,tv_reco,analyst_bucket,analyst_votes,sector,industry,p_tech,p_tv,p_an,pillars_met,votes_bin,rank_score,bucket
SYK,SYK,,149982.9806330369,426969846.499176,0.6484848484848484,STRONG_BUY,BUY,37.0,Health Care,Unknown,True,True,True,3,20+,1.3890909090909092,confirmed
QCOM,QCOM,,172467.35866156363,1083798077.9722595,0.603030303030303,STRONG_BUY,BUY,48.0,Information Technology,Unknown,True,True,True,3,20+,1.3618181818181818,confirmed
MU,MU,,147019.46879772117,2220763336.0175323,0.603030303030303,STRONG_BUY,BUY,52.0,Information Technology,Unknown,True,True,True,3,20+,1.3618181818181818,confirmed
NET,NET,,74724.91222323076,425351242.2789765,0.603030303030303,STRONG_BUY,BUY,39.0,Information Technology,Unknown,True,True,True,3,20+,1.3618181818181818,confirmed
ASML,ASML,,251053.688045,993335096.4694214,0.603030303030303,STRONG_BUY,BUY,41.0,Information Technology,Unknown,True,True,True,3,20+,1.3618181818181818,confirmed
PANW,PANW,,130074.29791803447,1736438596.093216,0.603030303030303,STRONG_BUY,BUY,60.0,Information Technology,Unknown,True,True,True,3,20+,1.3618181818181818,confirmed
AVGO,AVGO,,1575145.5435937315,6627403939.134827,0.5575757575757576,STRONG_BUY,BUY,49.0,Information Technology,Unknown,True,True,True,3,20+,1.3345454545454545,confirmed
GLW,GLW,,60982.6829850636,386012825.3914642,0.603030303030303,STRONG_BUY,BUY,19.0,Information Technology,Unknown,True,True,True,3,15–19,1.325151515151515,confirmed
ANET,ANET,,179543.2225490919,1040315348.0796052,0.5121212121212121,STRONG_BUY,BUY,33.0,Information Technology,Unknown,True,True,True,3,20+,1.3072727272727271,confirmed
LRCX,LRCX,,130295.67618631678,1132804915.2899551,0.5121212121212121,STRONG_BUY,BUY,38.0,Information Technology,Unknown,True,True,True,3,20+,1.3072727272727271,confirmed
U,U,,18514739200.0,460604577.13064194,0.6484848484848484,STRONG_BUY,,,Information Technology,Unknown,True,True,False,2,,0.989090909090909,pre_signal
LITE,LITE,,10447254528.0,542723714.1992188,0.603030303030303,STRONG_BUY,,,Information Technology,Unknown,True,True,False,2,,0.9618181818181818,pre_signal
STX,STX,,40017305600.0,452468783.31985474,0.603030303030303,STRONG_BUY,,,Information Technology,Unknown,True,True,False,2,,0.9618181818181818,pre_signal
UAL,UAL,,34506592256.0,488286318.7242127,0.603030303030303,STRONG_BUY,,,Industrials,Unknown,True,True,False,2,,0.9618181818181818,pre_signal
CYBR,CYBR,,23326939136.0,492965489.276886,0.5575757575757576,STRONG_BUY,,,Technology,Unknown,True,True,False,2,,0.9345454545454546,pre_signal
TEM,TEM,,,898195515.0008202,0.5575757575757576,STRONG_BUY,,,Health Care,Unknown,True,True,False,2,,0.9345454545454546,pre_signal
WDC,WDC,,31930699776.0,584573280.9040451,0.5575757575757576,STRONG_BUY,,,Information Technology,Unknown,True,True,False,2,,0.9345454545454546,pre_signal
CRDO,CRDO,,24361297920.0,605341135.6187057,0.5575757575757576,STRONG_BUY,,,Technology,Unknown,True,True,False,2,,0.9345454545454546,pre_signal
FSLR,FSLR,,22000855040.0,672932531.0977936,0.5121212121212121,STRONG_BUY,,,Information Technology,Unknown,True,True,False,2,,0.9072727272727272,pre_signal
URI,URI,,62747467776.0,451114284.4140625,0.5121212121212121,STRONG_BUY,,,Industrials,Unknown,True,True,False,2,,0.9072727272727272,pre_signal
SNOW,SNOW,,75266.56987238451,1723785693.0124664,0.49090909090909096,BUY,BUY,57.0,Information Technology,Unknown,False,False,True,1,20+,0.6945454545454545,pre_signal
AAPL,AAPL,,3557093.013042775,11669588916.483536,0.4454545454545455,BUY,BUY,55.0,Information Technology,Unknown,False,False,True,1,20+,0.6672727272727272,pre_signal
MDB,MDB,,26419.83616258924,1153101733.1089785,0.4454545454545455,BUY,BUY,43.0,Information Technology,Unknown,False,False,True,1,20+,0.6672727272727272,pre_signal
MPWR,MPWR,,41467.76551814435,423263173.2485962,0.4666666666666667,BUY,BUY,25.0,Information Technology,Unknown,False,False,True,1,20+,0.6633333333333333,pre_signal
DAL,DAL,,39947.38122377771,416681299.3560219,0.4454545454545455,BUY,BUY,27.0,Industrials,Unknown,False,False,True,1,20+,0.6572727272727272,pre_signal
SHOP,SHOP,,190825.357439208,909280845.583954,0.4212121212121212,BUY,BUY,56.0,Information Technology,Unknown,False,False,True,1,20+,0.6527272727272727,pre_signal
TER,TER,,19120.63812021901,383900022.4434662,0.4454545454545455,BUY,BUY,22.0,Information Technology,Unknown,False,False,True,1,20+,0.6406060606060606,pre_signal
CVS,CVS,,93577.12258393754,426372733.9981079,0.4,BUY,BUY,33.0,Health Care,Unknown,False,False,True,1,20+,0.64,pre_signal
CAT,CAT,,198204.0688183878,1188119919.2800903,0.3787878787878788,BUY,BUY,32.0,Industrials,Unknown,False,False,True,1,20+,0.6272727272727272,pre_signal
SOFI,SOFI,,30345.868466541444,1636215249.1574,0.37575757575757573,BUY,BUY,28.0,Financials,Unknown,False,False,True,1,20+,0.6187878787878788,pre_signal
JNJ,JNJ,,429719.9040718898,1415990554.57695,0.35454545454545455,BUY,BUY,31.0,Health Care,Unknown,False,False,True,1,20+,0.6127272727272727,pre_signal
RKLB,RKLB,,22113.825031735356,1005653795.0159836,0.4,BUY,BUY,21.0,Industrials,Unknown,False,False,True,1,20+,0.61,pre_signal
USB,USB,,75942.0467444417,385231537.01698303,0.35454545454545455,BUY,BUY,29.0,Financials,Unknown,False,False,True,1,20+,0.6093939393939394,pre_signal
HWM,HWM,,71837.11110555333,394709218.6341858,0.3333333333333333,BUY,BUY,30.0,Industrials,Unknown,False,False,True,1,20+,0.6,pre_signal
INSM,INSM,,30670.481503202092,393637109.4129944,0.35454545454545455,BUY,BUY,26.0,Health Care,Unknown,False,False,True,1,20+,0.5993939393939394,pre_signal
HBAN,HBAN,,25843.57729106701,431178062.9222393,0.3333333333333333,BUY,BUY,27.0,Financials,Unknown,False,False,True,1,20+,0.59,pre_signal
HUM,HUM,,37034.100139330476,420725208.5108948,0.3090909090909091,BUY,BUY,31.0,Health Care,Unknown,False,False,True,1,20+,0.5854545454545454,pre_signal
BRK-B,BRK.B,,1079197.8767169793,2114235756.1914065,0.4,BUY,BUY,11.0,Financials,Unknown,False,False,True,1,10–14,0.5766666666666667,pre_signal
GE,GE,,296106.46655059163,1158735284.2807007,0.3090909090909091,BUY,BUY,27.0,Industrials,Unknown,False,False,True,1,20+,0.5754545454545454,pre_signal
UNH,UNH,,285640.4154329702,5258725442.799912,0.2909090909090909,BUY,BUY,32.0,Health Care,Unknown,False,False,True,1,20+,0.5745454545454545,pre_signal
ADI,ADI,,121547.43314920049,965965640.519638,0.28787878787878785,BUY,BUY,40.0,Information Technology,Unknown,False,False,True,1,20+,0.5727272727272726,pre_signal
MRK,MRK,,211587.2159034534,932141313.2386016,0.26666666666666666,BUY,BUY,33.0,Health Care,Unknown,False,False,True,1,20+,0.5599999999999999,pre_signal
BAC,BAC,,368643.775523043,1741096877.8701591,0.26666666666666666,BUY,BUY,30.0,Financials,Unknown,False,False,True,1,20+,0.5599999999999999,pre_signal
FUTU,FUTU,,29730.113267,424059461.4424896,0.28787878787878785,BUY,BUY,26.0,Financial Services,Unknown,False,False,True,1,20+,0.5593939393939393,pre_signal
ABBV,ABBV,,375499.617927841,906961665.0214386,0.26363636363636367,BUY,BUY,37.0,Health Care,Unknown,False,False,True,1,20+,0.5581818181818182,pre_signal
APP,APP,,165823.64484676917,2493985671.5708923,0.26363636363636367,BUY,BUY,30.0,Information Technology,Unknown,False,False,True,1,20+,0.5581818181818182,pre_signal
GS,GS,,223471.74237614122,1193244492.937317,0.2424242424242424,BUY,BUY,31.0,Financials,Unknown,False,False,True,1,20+,0.5454545454545454,pre_signal
C,C,,175621.65045429653,1264838753.374443,0.17575757575757575,NEUTRAL,BUY,28.0,Financials,Unknown,False,False,True,1,20+,0.4987878787878788,other
HUBS,HUBS,,25689.470286599353,443101395.9690857,0.1575757575757576,NEUTRAL,BUY,42.0,Information Technology,Unknown,False,False,True,1,20+,0.4945454545454545,other
AON,AON,,79898.27551527605,442297972.7027893,0.17575757575757575,NEUTRAL,BUY,26.0,Financials,Unknown,False,False,True,1,20+,0.4921212121212121,other
COR,COR,,56709.27939535475,387050562.922821,0.1575757575757576,NEUTRAL,BUY,22.0,Health Care,Unknown,False,False,True,1,20+,0.4678787878787879,other
ORCL,ORCL,,653896.3152883743,2480144165.3500366,0.11212121212121212,NEUTRAL,BUY,47.0,Information Technology,Unknown,False,False,True,1,20+,0.4672727272727273,other
BDX,BDX,,55144.259500507025,410407338.780365,0.17878787878787877,NEUTRAL,BUY,18.0,Health Care,Unknown,False,False,True,1,15–19,0.46727272727272723,other
NOW,NOW,,190070.40100983356,1650554508.659668,0.09090909090909091,NEUTRAL,BUY,51.0,Information Technology,Unknown,False,False,True,1,20+,0.4545454545454546,other
EMR,EMR,,74599.1383817641,372902437.9225159,0.09090909090909091,NEUTRAL,BUY,34.0,Industrials,Unknown,False,False,True,1,20+,0.4545454545454546,other
IBM,IBM,,231510.47904468703,1068746479.0985107,0.11212121212121212,NEUTRAL,BUY,26.0,Information Technology,Unknown,False,False,True,1,20+,0.4539393939393939,other
WDAY,WDAY,,61711.708063272585,908353504.5711516,0.06666666666666667,NEUTRAL,BUY,48.0,Information Technology,Unknown,False,False,True,1,20+,0.43999999999999995,other
CRM,CRM,,239726.57141107114,2551685895.414963,0.024242424242424246,NEUTRAL,BUY,58.0,Information Technology,Unknown,False,False,True,1,20+,0.41454545454545455,other
NOC,NOC,,83160.67815598079,371826638.6566162,0.02121212121212121,NEUTRAL,BUY,27.0,Industrials,Unknown,False,False,True,1,20+,0.40272727272727277,other
BA,BA,,173621.37655386646,1423621445.624771,0.0,NEUTRAL,BUY,36.0,Industrials,Unknown,False,False,True,1,20+,0.4,other
MA,MA,,528141.8202781613,1393892857.9058838,-0.024242424242424246,NEUTRAL,BUY,46.0,Financials,Unknown,False,False,True,1,20+,0.3854545454545455,other
OKTA,OKTA,,16134.237427730128,432138588.07071686,-0.04242424242424242,NEUTRAL,BUY,52.0,Information Technology,Unknown,False,False,True,1,20+,0.3745454545454545,other
PFE,PFE,,141456.49651326504,912226123.3651448,-0.045454545454545456,NEUTRAL,BUY,30.0,Health Care,Unknown,False,False,True,1,20+,0.3727272727272727,other
JPM,JPM,,809472.5094444479,2044173084.869537,-0.06666666666666667,NEUTRAL,BUY,30.0,Financials,Unknown,False,False,True,1,20+,0.36,other
VEEV,VEEV,,44735.4179192591,387328192.73239136,-0.08787878787878788,NEUTRAL,BUY,38.0,Health Care,Unknown,False,False,True,1,20+,0.3472727272727273,other
IREN,IREN,,7112276992.0,643047493.7144375,0.49090909090909096,BUY,,,Financial Services,Unknown,False,False,False,0,,0.29454545454545455,pre_signal
ADSK,ADSK,,69516812288.0,554700226.9534302,0.49090909090909096,BUY,,,Information Technology,Unknown,False,False,False,0,,0.29454545454545455,pre_signal
INTU,INTU,,187585.57311703239,1545223465.173035,-0.17575757575757575,NEUTRAL,BUY,38.0,Information Technology,Unknown,False,False,True,1,20+,0.29454545454545455,other
DDOG,DDOG,,47457218560.0,683949601.2382889,0.49090909090909096,BUY,,,Information Technology,Unknown,False,False,False,0,,0.29454545454545455,pre_signal
ACN,ACN,,158796.28214193878,965929285.7048798,-0.17575757575757575,NEUTRAL,BUY,30.0,Information Technology,Unknown,False,False,True,1,20+,0.29454545454545455,other
CRWD,CRWD,,104806.39786331877,1448470557.6191711,-0.17575757575757575,NEUTRAL,BUY,61.0,Information Technology,Unknown,False,False,True,1,20+,0.29454545454545455,other
INTC,INTC,,107192.73,3106121152.8244114,0.3090909090909091,BUY,SELL,51.0,Information Technology,Unknown,False,False,False,0,20+,0.28545454545454546,pre_signal
HPE,HPE,,31033464832.0,466534704.35959816,0.4666666666666667,BUY,,,Information Technology,Unknown,False,False,False,0,,0.27999999999999997,pre_signal
HOOD,HOOD,,89978.35472460822,4010333747.664871,-0.203030303030303,SELL,BUY,30.0,Financials,Unknown,False,False,True,1,20+,0.2781818181818182,other
WFC,WFC,,262137.597251188,1064129151.0306548,-0.2,SELL,BUY,29.0,Financials,Unknown,False,False,True,1,20+,0.27666666666666667,other
COHR,COHR,,15243960320.0,579761064.8122787,0.4454545454545455,BUY,,,Information Technology,Unknown,False,False,False,0,,0.2672727272727273,pre_signal
WULF,WULF,,3580384256.0,573570419.4047809,0.4454545454545455,BUY,,,Financial Services,Unknown,False,False,False,0,,0.2672727272727273,pre_signal
AXON,AXON,,57183.41763234051,432770803.5409546,-0.2,SELL,BUY,26.0,Industrials,Unknown,False,False,True,1,20+,0.26666666666666666,other
GEV,GEV,,158456.1037902149,1679317739.0863037,-0.22424242424242424,SELL,BUY,38.0,Industrials,Unknown,False,False,True,1,20+,0.26545454545454544,other
LLY,LLY,,688272.8117102807,3758756371.5722656,-0.24545454545454548,SELL,BUY,35.0,Health Care,Unknown,False,False,True,1,20+,0.2527272727272727,other
KKR,KKR,,120750.28307979529,407150206.7902374,-0.22424242424242424,SELL,BUY,25.0,Financials,Unknown,False,False,True,1,20+,0.24878787878787878,other
CAH,CAH,,35713.97623973539,408423382.8144837,-0.2212121212121212,SELL,BUY,22.0,Health Care,Unknown,False,False,True,1,20+,0.2406060606060606,other
COIN,COIN,,76842.45723024,2773073477.86438,-0.26666666666666666,SELL,BUY,42.0,Financials,Unknown,False,False,True,1,20+,0.24,other
AFRM,AFRM,,28445526016.0,797210247.9691696,0.4,BUY,,,Information Technology,Unknown,False,False,False,0,,0.24,pre_signal
AMAT,AMAT,,129653.5597233744,1414876125.0291443,-0.26666666666666666,SELL,BUY,41.0,Information Technology,Unknown,False,False,True,1,20+,0.24,other
SMCI,SMCI,,24014.58376277356,1127563689.539585,-0.2424242424242424,SELL,BUY,25.0,Information Technology,Unknown,False,False,True,1,20+,0.23787878787878788,other
ON,ON,,20082.668607025324,375690707.8215599,-0.28787878787878785,SELL,BUY,44.0,Information Technology,Unknown,False,False,True,1,20+,0.2272727272727273,other
FDX,FDX,,53718.940727707806,380246666.9627381,-0.28787878787878785,SELL,BUY,36.0,Industrials,Unknown,False,False,True,1,20+,0.2272727272727273,other
RF,RF,,24119085056.0,443419514.7013569,0.3787878787878788,BUY,,,Financials,Unknown,False,False,False,0,,0.22727272727272727,pre_signal
NVDA,NVDA,,4058585.8838515,31679034365.763245,-0.2909090909090909,SELL,BUY,70.0,Information Technology,Unknown,False,False,True,1,20+,0.22545454545454546,other
AMD,AMD,,245276.61176233692,8808235340.593948,-0.2909090909090909,SELL,BUY,59.0,Information Technology,Unknown,False,False,True,1,20+,0.22545454545454546,other
UBER,UBER,,189752.25260389736,1471257624.3314743,-0.2909090909090909,SELL,BUY,61.0,Industrials,Unknown,False,False,True,1,20+,0.22545454545454546,other
ALNY,ALNY,,59247706112.0,493391900.4396057,0.37575757575757573,BUY,,,Health Care,Unknown,False,False,False,0,,0.22545454545454544,pre_signal
ZTS,ZTS,,68600.37,368357812.1334076,-0.26666666666666666,SELL,BUY,24.0,Health Care,Unknown,False,False,True,1,20+,0.22,other
NU,NU,,71228841984.0,781411600.3397226,0.35454545454545455,BUY,,,Financials,Unknown,False,False,False,0,,0.21272727272727274,pre_signal
V,V,,661247.939348319,1841316832.1409607,-0.3333333333333333,SELL,BUY,44.0,Financials,Unknown,False,False,True,1,20+,0.2,other
ISRG,ISRG,,167358.3366958073,987212307.3701476,-0.3333333333333333,SELL,BUY,40.0,Health Care,Unknown,False,False,True,1,20+,0.2,other
ALAB,ALAB,,31781072896.0,888140424.475708,0.3303030303030303,BUY,,,Information Technology,Unknown,False,False,False,0,,0.19818181818181818,pre_signal
CSCO,CSCO,,264923.8785004256,1500950371.3463593,-0.33636363636363636,SELL,BUY,32.0,Information Technology,Unknown,False,False,True,1,20+,0.19818181818181818,other
PLTR,PLTR,,363229.6481947778,12881682365.48416,-0.33636363636363636,SELL,BUY,32.0,Information Technology,Unknown,False,False,True,1,20+,0.19818181818181818,other
AJG,AJG,,76709.75325700916,414954391.8240357,-0.31212121212121213,SELL,BUY,23.0,Financials,Unknown,False,False,True,1,20+,0.1893939393939394,other
MRVL,MRVL,,54596.79265748339,1506769519.317379,-0.35454545454545455,SELL,BUY,47.0,Information Technology,Unknown,False,False,True,1,20+,0.18727272727272726,other
MSFT,MSFT,,3679417.4638723955,10862263286.181791,-0.38181818181818183,SELL,BUY,70.0,Information Technology,Unknown,False,False,True,1,20+,0.1709090909090909,other
CRWV,CRWV,,43526.911729033716,2999730221.2577057,-0.38461538461538464,SELL,BUY,30.0,Technology,Unknown,False,False,True,1,20+,0.1692307692307692,other
KEY,KEY,,20768088064.0,456539536.1796951,0.26666666666666666,BUY,,,Financials,Unknown,False,False,False,0,,0.16,pre_signal
ADBE,ADBE,,148033.0782597371,1228548287.652893,-0.4,SELL,BUY,46.0,Information Technology,Unknown,False,False,True,1,20+,0.16,other
ZS,ZS,,42691846144.0,459972343.7886048,0.22424242424242424,BUY,,,Information Technology,Unknown,False,False,False,0,,0.13454545454545455,pre_signal
TXN,TXN,,170854.16011183785,1202177670.7726288,-0.4666666666666667,SELL,BUY,44.0,Information Technology,Unknown,False,False,True,1,20+,0.12000000000000002,other
AAL,AAL,,8630562816.0,884740356.2438488,0.2,BUY,,,Industrials,Unknown,False,False,False,0,,0.12,pre_signal
CTAS,CTAS,,82408.98811394388,390985023.7490845,-0.4454545454545455,SELL,BUY,26.0,Industrials,Unknown,False,False,True,1,20+,0.11939393939393939,other
NXPI,NXPI,,57164558336.0,592037242.7202606,0.17878787878787877,NEUTRAL,,,Information Technology,Unknown,False,False,False,0,,0.10727272727272726,other
MMC,MMC,,100163.4806194882,400285601.5876007,-0.4666666666666667,SELL,BUY,25.0,Financials,Unknown,False,False,True,1,20+,0.10333333333333336,other
ROP,ROP,,55791.310882788704,403319892.6400757,-0.4666666666666667,SELL,BUY,24.0,Industrials,Unknown,False,False,True,1,20+,0.10000000000000003,other
MSTR,MSTR,,95236.84454049567,4064655991.977539,-0.4454545454545455,SELL,BUY,20.0,Information Technology,Unknown,False,False,True,1,20+,0.09939393939393938,other
TWLO,TWLO,,16673672192.0,578306094.0916061,0.09090909090909091,NEUTRAL,,,Information Technology,Unknown,False,False,False,0,,0.05454545454545454,other
UPST,UPST,,6436963840.0,443722574.8586655,0.09090909090909091,NEUTRAL,,,Financial Services,Unknown,False,False,False,0,,0.05454545454545454,other
MCHP,MCHP,,35575705600.0,592355158.8858032,0.06666666666666667,NEUTRAL,,,Information Technology,Unknown,False,False,False,0,,0.04,other
UNP,UNP,,130652.59398266523,957135868.3815002,-0.603030303030303,STRONG_SELL,BUY,33.0,Industrials,Unknown,False,False,True,1,20+,0.03818181818181818,other
WM,WM,,90616.68247257365,405494411.5634918,-0.603030303030303,STRONG_SELL,BUY,32.0,Industrials,Unknown,False,False,True,1,20+,0.03818181818181818,other
FICO,FICO,,36773429248.0,473392095.8117676,0.04242424242424242,NEUTRAL,,,Information Technology,Unknown,False,False,False,0,,0.025454545454545452,other
ELV,ELV,,70624829440.0,656842230.1264954,0.024242424242424246,NEUTRAL,,,Health Care,Unknown,False,False,False,0,,0.014545454545454547,other
ADP,ADP,,119880.61577851535,434979853.7774658,-0.603030303030303,STRONG_SELL,BUY,20.0,Industrials,Unknown,False,False,True,1,20+,0.004848484848484838,other
GDS,GDS,,,83328405.83953857,,,,,Technology,Unknown,False,False,False,0,,0.0,other
BNTX,BNTX,,,83143038.44409943,,,,,Healthcare,Unknown,False,False,False,0,,0.0,other
SITM,SITM,,,83118219.11613464,,,,,Technology,Unknown,False,False,False,0,,0.0,other
EHC,EHC,,,83075492.0985794,,,,,Health Care,Unknown,False,False,False,0,,0.0,other
KD,KD,,,82919587.91324615,,,,,Information Technology,Unknown,False,False,False,0,,0.0,other
NDSN,NDSN,,,82907698.1250763,,,,,Industrials,Unknown,False,False,False,0,,0.0,other
WGS,WGS,,,83987435.1348877,,,,,Healthcare,Unknown,False,False,False,0,,0.0,other
ALSN,ALSN,,,82844532.78015137,,,,,Industrials,Unknown,False,False,False,0,,0.0,other
AGCO,AGCO,,,82729073.88530731,,,,,Industrials,Unknown,False,False,False,0,,0.0,other
SNV,SNV,,,82585348.66790771,,,,,Financials,Unknown,False,False,False,0,,0.0,other
VRNS,VRNS,,,82273599.21861649,,,,,Technology,Unknown,False,False,False,0,,0.0,other
G,G,,,82082571.20441437,,,,,Information Technology,Unknown,False,False,False,0,,0.0,other
TNXP,TNXP,,,81746249.68794823,,,,,Healthcare,Unknown,False,False,False,0,,0.0,other
SMMT,SMMT,,,83405371.21547699,,,,,Health Care,Unknown,False,False,False,0,,0.0,other
VMI,VMI,,,84604271.8460083,,,,,Industrials,Unknown,False,False,False,0,,0.0,other
STRC,STRC,,,84305326.9978714,,,,,Technology,Unknown,False,False,False,0,,0.0,other
SYM,SYM,,,86703147.19223022,,,,,Industrials,Unknown,False,False,False,0,,0.0,other
GGAL,GGAL,,,86627704.87012863,,,,,Financial Services,Unknown,False,False,False,0,,0.0,other
RR,RR,,,84575460.66812396,,,,,Industrials,Unknown,False,False,False,0,,0.0,other
ABVX,ABVX,,,86280918.50585938,,,,,Healthcare,Unknown,False,False,False,0,,0.0,other
KNSL,KNSL,,,86218700.48721313,,,,,Financials,Unknown,False,False,False,0,,0.0,other
TSEM,TSEM,,,86161464.58921432,,,,,Technology,Unknown,False,False,False,0,,0.0,other
CGNX,CGNX,,,84495944.9287796,,,,,Information Technology,Unknown,False,False,False,0,,0.0,other
RGEN,RGEN,,,85799646.06376648,,,,,Health Care,Unknown,False,False,False,0,,0.0,other
MORN,MORN,,,85546923.69483948,,,,,Financials,Unknown,False,False,False,0,,0.0,other
PI,PI,,,80996434.07821655,,,,,Technology,Unknown,False,False,False,0,,0.0,other
OUST,OUST,,,85236974.62806702,,,,,Technology,Unknown,False,False,False,0,,0.0,other
AMBA,AMBA,,,84708654.55173492,,,,,Technology,Unknown,False,False,False,0,,0.0,other
NVTS,NVTS,,,84638998.259449,,,,,Technology,Unknown,False,False,False,0,,0.0,other
LOAR,LOAR,,,81208574.18571472,,,,,Industrials,Unknown,False,False,False,0,,0.0,other
PSIX,PSIX,,,77067427.39772797,,,,,Industrials,Unknown,False,False,False,0,,0.0,other
WAL,WAL,,,80992588.77296448,,,,,Financials,Unknown,False,False,False,0,,0.0,other
BEN,BEN,,,80927168.5571003,,,,,Financials,Unknown,False,False,False,0,,0.0,other
SSB,SSB,,,73301828.39244843,,,,,Financials,Unknown,False,False,False,0,,0.0,other
GL,GL,,,74130915.44281006,,,,,Financials,Unknown,False,False,False,0,,0.0,other
SF,SF,,,74185634.73892212,,,,,Financials,Unknown,False,False,False,0,,0.0,other
STNE,STNE,,,74715147.79844284,,,,,Technology,Unknown,False,False,False,0,,0.0,other
ROL,ROL,,,75033309.15327072,,,,,Industrials,Unknown,False,False,False,0,,0.0,other
RVMD,RVMD,,,75431297.12503433,,,,,Health Care,Unknown,False,False,False,0,,0.0,other
AOS,AOS,,,75635151.3986206,,,,,Industrials,Unknown,False,False,False,0,,0.0,other
WU,WU,,,75665047.90194988,,,,,Information Technology,Unknown,False,False,False,0,,0.0,other
EWBC,EWBC,,,75700040.3245163,,,,,Financials,Unknown,False,False,False,0,,0.0,other
HLI,HLI,,,75701428.42811584,,,,,Financials,Unknown,False,False,False,0,,0.0,other
CHE,CHE,,,75893339.18670654,,,,,Health Care,Unknown,False,False,False,0,,0.0,other
KEX,KEX,,,75933543.91059875,,,,,Industrials,Unknown,False,False,False,0,,0.0,other
TIGR,TIGR,,,76512890.68391323,,,,,Financial Services,Unknown,False,False,False,0,,0.0,other
EOSE,EOSE,,,76525364.05491114,,,,,Industrials,Unknown,False,False,False,0,,0.0,other
MKL,MKL,,,76911321.25610352,,,,,Financials,Unknown,False,False,False,0,,0.0,other
RMBS,RMBS,,,87725050.97690582,,,,,Technology,Unknown,False,False,False,0,,0.0,other
PSN,PSN,,,77300687.9063797,,,,,Industrials,Unknown,False,False,False,0,,0.0,other
FROG,FROG,,,77603053.17804337,,,,,Technology,Unknown,False,False,False,0,,0.0,other
DOX,DOX,,,78789699.05864716,,,,,Information Technology,Unknown,False,False,False,0,,0.0,other
RNR,RNR,,,79075150.10803223,,,,,Financials,Unknown,False,False,False,0,,0.0,other
GFS,GFS,,,79198720.5936718,,,,,Information Technology,Unknown,False,False,False,0,,0.0,other
SNX,SNX,,,79834570.72227478,,,,,Information Technology,Unknown,False,False,False,0,,0.0,other
CLH,CLH,,,79988879.31167603,,,,,Industrials,Unknown,False,False,False,0,,0.0,other
APPF,APPF,,,79992445.3855896,,,,,Information Technology,Unknown,False,False,False,0,,0.0,other
VLY,VLY,,,80157505.85917473,,,,,Financial Services,Unknown,False,False,False,0,,0.0,other
LQDA,LQDA,,,80570814.14414406,,,,,Healthcare,Unknown,False,False,False,0,,0.0,other
GMED,GMED,,,80599126.65945053,,,,,Health Care,Unknown,False,False,False,0,,0.0,other
IVZ,IVZ,,,80622540.31176567,,,,,Financials,Unknown,False,False,False,0,,0.0,other
RXRX,RXRX,,,80743781.73479557,,,,,Healthcare,Unknown,False,False,False,0,,0.0,other
APM,APM,,,87192880.90949953,,,,,Healthcare,Unknown,False,False,False,0,,0.0,other
JAZZ,JAZZ,,,92778005.328331,,,,,Health Care,Unknown,False,False,False,0,,0.0,other
SPNS,SPNS,,,87726946.61420822,,,,,Technology,Unknown,False,False,False,0,,0.0,other
NBIX,NBIX,,,106705885.4625702,,,,,Health Care,Unknown,False,False,False,0,,0.0,other
LNTH,LNTH,,,101580007.73349762,,,,,Healthcare,Unknown,False,False,False,0,,0.0,other
PCOR,PCOR,,,101854711.83481216,,,,,Information Technology,Unknown,False,False,False,0,,0.0,other
TTAN,TTAN,,,102026268.2713318,,,,,Technology,Unknown,False,False,False,0,,0.0,other
MANH,MANH,,,102124741.84677124,,,,,Information Technology,Unknown,False,False,False,0,,0.0,other
DOCS,DOCS,,,102316321.6835022,,,,,Health Care,Unknown,False,False,False,0,,0.0,other
KNX,KNX,,,102624722.43373872,,,,,Industrials,Unknown,False,False,False,0,,0.0,other
CVLT,CVLT,,,103576241.3105011,,,,,Technology,Unknown,False,False,False,0,,0.0,other
TECH,TECH,,,103731266.55906676,,,,,Health Care,Unknown,False,False,False,0,,0.0,other
COMM,COMM,,,103966214.9809742,,,,,Technology,Unknown,False,False,False,0,,0.0,other
HII,HII,,,104061661.89849854,,,,,Industrials,Unknown,False,False,False,0,,0.0,other
TREX,TREX,,,104174468.0155182,,,,,Industrials,Unknown,False,False,False,0,,0.0,other
ONC,ONC,,,105981431.63955688,,,,,Healthcare,Unknown,False,False,False,0,,0.0,other
RVTY,RVTY,,,106163253.42056274,,,,,Health Care,Unknown,False,False,False,0,,0.0,other
SITE,SITE,,,73215154.66384888,,,,,Industrials,Unknown,False,False,False,0,,0.0,other
MTSI,MTSI,,,101086568.65436554,,,,,Information Technology,Unknown,False,False,False,0,,0.0,other
HQY,HQY,,,114078219.0392685,,,,,Healthcare,Unknown,False,False,False,0,,0.0,other
RRX,RRX,,,113856598.21899414,,,,,Industrials,Unknown,False,False,False,0,,0.0,other
HSIC,HSIC,,,113534432.0310974,,,,,Health Care,Unknown,False,False,False,0,,0.0,other
STE,STE,,,113470211.3041687,,,,,Health Care,Unknown,False,False,False,0,,0.0,other
TLRY,TLRY,,,113445829.1560766,,,,,Healthcare,Unknown,False,False,False,0,,0.0,other
SEZL,SEZL,,,113083787.404747,,,,,Financial Services,Unknown,False,False,False,0,,0.0,other
HOLX,HOLX,,,112332779.32029724,,,,,Health Care,Unknown,False,False,False,0,,0.0,other
PNFP,PNFP,,,110502852.77736664,,,,,Financials,Unknown,False,False,False,0,,0.0,other
TMDX,TMDX,,,110080780.61286926,,,,,Healthcare,Unknown,False,False,False,0,,0.0,other
CACI,CACI,,,109702951.68563844,,,,,Industrials,Unknown,False,False,False,0,,0.0,other
BAM,BAM,,,108658875.89262009,,,,,Financials,Unknown,False,False,False,0,,0.0,other
BMRN,BMRN,,,106995536.78318024,,,,,Health Care,Unknown,False,False,False,0,,0.0,other
CNM,CNM,,,107587316.68024065,,,,,Industrials,Unknown,False,False,False,0,,0.0,other
ACM,ACM,,,101564591.50001526,,,,,Industrials,Unknown,False,False,False,0,,0.0,other
VLTO,VLTO,,,100035003.42830658,,,,,Industrials,Unknown,False,False,False,0,,0.0,other
PONY,PONY,,,87727834.76624966,,,,,Technology,Unknown,False,False,False,0,,0.0,other
AIZ,AIZ,,,93283584.69566344,,,,,Financials,Unknown,False,False,False,0,,0.0,other
NNE,NNE,,,87754754.56895828,,,,,Industrials,Unknown,False,False,False,0,,0.0,other
EEFT,EEFT,,,87780738.86722565,,,,,Financials,Unknown,False,False,False,0,,0.0,other
TTMI,TTMI,,,88728765.13195038,,,,,Technology,Unknown,False,False,False,0,,0.0,other
APG,APG,,,89120768.2755661,,,,,Industrials,Unknown,False,False,False,0,,0.0,other
BSY,BSY,,,89251445.29275894,,,,,Information Technology,Unknown,False,False,False,0,,0.0,other
PFG,PFG,,,89351853.78421783,,,,,Financials,Unknown,False,False,False,0,,0.0,other
J,J,,,90868369.84085084,,,,,Industrials,Unknown,False,False,False,0,,0.0,other
EXEL,EXEL,,,91250328.44940186,,,,,Health Care,Unknown,False,False,False,0,,0.0,other
INSP,INSP,,,91611650.2218628,,,,,Health Care,Unknown,False,False,False,0,,0.0,other
PCTY,PCTY,,,91808959.98893738,,,,,Information Technology,Unknown,False,False,False,0,,0.0,other
DAVE,DAVE,,,92166264.1594696,,,,,Technology,Unknown,False,False,False,0,,0.0,other
JEF,JEF,,,92190410.32133102,,,,,Financials,Unknown,False,False,False,0,,0.0,other
UI,UI,,,107198666.40686037,,,,,Information Technology,Unknown,False,False,False,0,,0.0,other
JBLU,JBLU,,,93788995.3201866,,,,,Industrials,Unknown,False,False,False,0,,0.0,other
MASI,MASI,,,100031629.75242616,,,,,Health Care,Unknown,False,False,False,0,,0.0,other
MKSI,MKSI,,,93814634.74578856,,,,,Information Technology,Unknown,False,False,False,0,,0.0,other
DBX,DBX,,,94820512.93483734,,,,,Information Technology,Unknown,False,False,False,0,,0.0,other
UNM,UNM,,,95000575.03234863,,,,,Financials,Unknown,False,False,False,0,,0.0,other
VTRS,VTRS,,,95437098.6298275,,,,,Health Care,Unknown,False,False,False,0,,0.0,other
FBIN,FBIN,,,95557188.27610016,,,,,Industrials,Unknown,False,False,False,0,,0.0,other
EG,EG,,,96481516.5209961,,,,,Financials,Unknown,False,False,False,0,,0.0,other
SOLV,SOLV,,,96502284.09755708,,,,,Health Care,Unknown,False,False,False,0,,0.0,other
DVA,DVA,,,97495343.83926392,,,,,Health Care,Unknown,False,False,False,0,,0.0,other
SSNC,SSNC,,,97556000.34877776,,,,,Information Technology,Unknown,False,False,False,0,,0.0,other
TXT,TXT,,,98022492.66166689,,,,,Industrials,Unknown,False,False,False,0,,0.0,other
ALLY,ALLY,,,98557291.28746033,,,,,Financials,Unknown,False,False,False,0,,0.0,other
NVMI,NVMI,,,99343312.43492126,,,,,Technology,Unknown,False,False,False,0,,0.0,other
ASND,ASND,,,99459281.21421814,,,,,Healthcare,Unknown,False,False,False,0,,0.0,other
TTC,TTC,,,73258818.74256134,,,,,Industrials,Unknown,False,False,False,0,,0.0,other
ECG,ECG,,,50385404.17442322,,,,,Industrials,Unknown,False,False,False,0,,0.0,other
KRMN,KRMN,,,73203246.22962952,,,,,Industrials,Unknown,False,False,False,0,,0.0,other
OSK,OSK,,,73010619.4317627,,,,,Industrials,Unknown,False,False,False,0,,0.0,other
AMG,AMG,,,37671630.58097839,,,,,Financials,Unknown,False,False,False,0,,0.0,other
HAYW,HAYW,,,37917233.33362103,,,,,Industrials,Unknown,False,False,False,0,,0.0,other
VIRT,VIRT,,,38180314.41452026,,,,,Financials,Unknown,False,False,False,0,,0.0,other
VNT,VNT,,,38789266.92663193,,,,,Information Technology,Unknown,False,False,False,0,,0.0,other
DRS,DRS,,,39240132.61796951,,,,,Industrials,Unknown,False,False,False,0,,0.0,other
OZK,OZK,,,40915424.88395691,,,,,Financials,Unknown,False,False,False,0,,0.0,other
RARE,RARE,,,40918293.644390106,,,,,Health Care,Unknown,False,False,False,0,,0.0,other
ST,ST,,,41022378.97929192,,,,,Industrials,Unknown,False,False,False,0,,0.0,other
LFUS,LFUS,,,41845676.65176392,,,,,Information Technology,Unknown,False,False,False,0,,0.0,other
PRI,PRI,,,42278266.73980713,,,,,Financials,Unknown,False,False,False,0,,0.0,other
AMKR,AMKR,,,42647341.19552612,,,,,Information Technology,Unknown,False,False,False,0,,0.0,other
ALGM,ALGM,,,43034201.69614792,,,,,Information Technology,Unknown,False,False,False,0,,0.0,other
LAZ,LAZ,,,44587998.56618881,,,,,Financials,Unknown,False,False,False,0,,0.0,other
GTES,GTES,,,45261864.823179245,,,,,Industrials,Unknown,False,False,False,0,,0.0,other
XRAY,XRAY,,,45481351.00719452,,,,,Health Care,Unknown,False,False,False,0,,0.0,other
CORT,CORT,,,45775739.526023865,,,,,Health Care,Unknown,False,False,False,0,,0.0,other
FCN,FCN,,,46295564.03007507,,,,,Industrials,Unknown,False,False,False,0,,0.0,other
KMPR,KMPR,,,46409961.57129288,,,,,Financials,Unknown,False,False,False,0,,0.0,other
SAIL,SAIL,,,46464860.52832604,,,,,Information Technology,Unknown,False,False,False,0,,0.0,other
LSTR,LSTR,,,46582085.43968201,,,,,Industrials,Unknown,False,False,False,0,,0.0,other
MTG,MTG,,,46646068.97855759,,,,,Financials,Unknown,False,False,False,0,,0.0,other
JHG,JHG,,,47072785.49654007,,,,,Financials,Unknown,False,False,False,0,,0.0,other
OMF,OMF,,,47146200.68977356,,,,,Financials,Unknown,False,False,False,0,,0.0,other
ORI,ORI,,,47187396.95947647,,,,,Financials,Unknown,False,False,False,0,,0.0,other
SSD,SSD,,,47454672.307510376,,,,,Industrials,Unknown,False,False,False,0,,0.0,other
TKR,TKR,,,48050082.57579804,,,,,Industrials,Unknown,False,False,False,0,,0.0,other
ITT,ITT,,,48459629.13238525,,,,,Industrials,Unknown,False,False,False,0,,0.0,other
STWD,STWD,,,48501419.92115021,,,,,Financials,Unknown,False,False,False,0,,0.0,other
R,R,,,48771528.636779785,,,,,Industrials,Unknown,False,False,False,0,,0.0,other
MSA,MSA,,,37364413.12988281,,,,,Industrials,Unknown,False,False,False,0,,0.0,other
PRGO,PRGO,,,36743777.954063416,,,,,Health Care,Unknown,False,False,False,0,,0.0,other
OGN,OGN,,,36597063.1957531,,,,,Health Care,Unknown,False,False,False,0,,0.0,other
CXT,CXT,,,25444147.00527191,,,,,Industrials,Unknown,False,False,False,0,,0.0,other
INGM,INGM,,,4846879.069137573,,,,,Information Technology,Unknown,False,False,False,0,,0.0,other
UHAL,UHAL,,,6960562.882614136,,,,,Industrials,Unknown,False,False,False,0,,0.0,other
CERT,CERT,,,12981298.450655935,,,,,Health Care,Unknown,False,False,False,0,,0.0,other
IPGP,IPGP,,,17988531.745872498,,,,,Information Technology,Unknown,False,False,False,0,,0.0,other
SNDR,SNDR,,,17991303.79781723,,,,,Industrials,Unknown,False,False,False,0,,0.0,other
FRHC,FRHC,,,18413177.485427856,,,,,Financials,Unknown,False,False,False,0,,0.0,other
UHAL-B,UHAL.B,,,18656971.66558552,,,,,Industrials,Unknown,False,False,False,0,,0.0,other
TDC,TDC,,,18765980.248041157,,,,,Information Technology,Unknown,False,False,False,0,,0.0,other
BOKF,BOKF,,,19122781.71676636,,,,,Financials,Unknown,False,False,False,0,,0.0,other
CLVT,CLVT,,,19280709.37724709,,,,,Industrials,Unknown,False,False,False,0,,0.0,other
CNA,CNA,,,19746927.173404694,,,,,Financials,Unknown,False,False,False,0,,0.0,other
DXC,DXC,,,21241120.112543102,,,,,Information Technology,Unknown,False,False,False,0,,0.0,other
FHB,FHB,,,25166066.875019077,,,,,Financials,Unknown,False,False,False,0,,0.0,other
AGO,AGO,,,28468900.12809753,,,,,Financials,Unknown,False,False,False,0,,0.0,other
MSM,MSM,,,36492668.94779205,,,,,Industrials,Unknown,False,False,False,0,,0.0,other
BHF,BHF,,,29801567.08213806,,,,,Financials,Unknown,False,False,False,0,,0.0,other
RLI,RLI,,,30034324.344406128,,,,,Financials,Unknown,False,False,False,0,,0.0,other
MAN,MAN,,,30268846.571331024,,,,,Industrials,Unknown,False,False,False,0,,0.0,other
CNXC,CNXC,,,30474318.944416046,,,,,Information Technology,Unknown,False,False,False,0,,0.0,other
SPR,SPR,,,32642862.79127121,,,,,Industrials,Unknown,False,False,False,0,,0.0,other
DV,DV,,,32715770.016155243,,,,,Information Technology,Unknown,False,False,False,0,,0.0,other
DLB,DLB,,,33254145.8890152,,,,,Information Technology,Unknown,False,False,False,0,,0.0,other
THG,THG,,,33501682.63069153,,,,,Financials,Unknown,False,False,False,0,,0.0,other
AMTM,AMTM,,,33603580.87878227,,,,,Industrials,Unknown,False,False,False,0,,0.0,other
DNB,DNB,,,35152533.70609875,,,,,Industrials,Unknown,False,False,False,0,,0.0,other
NVST,NVST,,,35358110.88878632,,,,,Health Care,Unknown,False,False,False,0,,0.0,other
FAF,FAF,,,35543045.322532654,,,,,Financials,Unknown,False,False,False,0,,0.0,other
SHC,SHC,,,36437148.71473789,,,,,Health Care,Unknown,False,False,False,0,,0.0,other
ESAB,ESAB,,,48961181.62384033,,,,,Industrials,Unknown,False,False,False,0,,0.0,other
SARO,SARO,,,49052351.89610481,,,,,Industrials,Unknown,False,False,False,0,,0.0,other
ERIE,ERIE,,,49614093.20617676,,,,,Financials,Unknown,False,False,False,0,,0.0,other
LNC,LNC,,,67734819.79211807,,,,,Financials,Unknown,False,False,False,0,,0.0,other
NCNO,NCNO,,,61596425.57876587,,,,,Information Technology,Unknown,False,False,False,0,,0.0,other
WBS,WBS,,,62166045.91024399,,,,,Financials,Unknown,False,False,False,0,,0.0,other
LECO,LECO,,,63121314.80667114,,,,,Industrials,Unknown,False,False,False,0,,0.0,other
MLI,MLI,,,63253937.95665741,,,,,Industrials,Unknown,False,False,False,0,,0.0,other
BPOP,BPOP,,,63273685.57834625,,,,,Financials,Unknown,False,False,False,0,,0.0,other
RBC,RBC,,,63811038.85787964,,,,,Industrials,Unknown,False,False,False,0,,0.0,other
RHI,RHI,,,64038333.50784302,,,,,Industrials,Unknown,False,False,False,0,,0.0,other
RITM,RITM,,,64123439.826779366,,,,,Financials,Unknown,False,False,False,0,,0.0,other
RYAN,RYAN,,,64856988.62297058,,,,,Financials,Unknown,False,False,False,0,,0.0,other
BIO,BIO,,,65065572.52822876,,,,,Health Care,Unknown,False,False,False,0,,0.0,other
PEGA,PEGA,,,66478970.35863876,,,,,Information Technology,Unknown,False,False,False,0,,0.0,other
QGEN,QGEN,,,66718951.94448471,,,,,Health Care,Unknown,False,False,False,0,,0.0,other
CINF,CINF,,,67624522.1359253,,,,,Financials,Unknown,False,False,False,0,,0.0,other
PB,PB,,,67984829.75372314,,,,,Financials,Unknown,False,False,False,0,,0.0,other
APLS,APLS,,,59730032.20080376,,,,,Health Care,Unknown,False,False,False,0,,0.0,other
FNF,FNF,,,68086548.86604309,,,,,Financials,Unknown,False,False,False,0,,0.0,other
ROIV,ROIV,,,68191826.62063599,,,,,Health Care,Unknown,False,False,False,0,,0.0,other
AWI,AWI,,,70303218.01704407,,,,,Industrials,Unknown,False,False,False,0,,0.0,other
TTEK,TTEK,,,70397069.0725708,,,,,Industrials,Unknown,False,False,False,0,,0.0,other
AIT,AIT,,,70673175.76431274,,,,,Industrials,Unknown,False,False,False,0,,0.0,other
L,L,,,70955988.36364746,,,,,Financials,Unknown,False,False,False,0,,0.0,other
INFA,INFA,,,71132591.07219696,,,,,Information Technology,Unknown,False,False,False,0,,0.0,other
TFX,TFX,,,71186967.01992035,,,,,Health Care,Unknown,False,False,False,0,,0.0,other
SNA,SNA,,,71643744.44671631,,,,,Industrials,Unknown,False,False,False,0,,0.0,other
FLS,FLS,,,71710960.95401764,,,,,Industrials,Unknown,False,False,False,0,,0.0,other
ZION,ZION,,,71737233.96520615,,,,,Financials,Unknown,False,False,False,0,,0.0,other
AYI,AYI,,,71958036.56707764,,,,,Industrials,Unknown,False,False,False,0,,0.0,other
OLED,OLED,,,72725347.58178711,,,,,Information Technology,Unknown,False,False,False,0,,0.0,other
RGA,RGA,,,61457899.28314209,,,,,Financials,Unknown,False,False,False,0,,0.0,other
VOYA,VOYA,,,59216123.92162323,,,,,Financials,Unknown,False,False,False,0,,0.0,other
WTFC,WTFC,,,49774941.99672699,,,,,Financials,Unknown,False,False,False,0,,0.0,other
EXLS,EXLS,,,53820414.32474136,,,,,Industrials,Unknown,False,False,False,0,,0.0,other
GXO,GXO,,,49998761.99951172,,,,,Industrials,Unknown,False,False,False,0,,0.0,other
HEI-A,HEI.A,,,50022340.183410645,,,,,Industrials,Unknown,False,False,False,0,,0.0,other
TPG,TPG,,,114446062.9696083,,,,,Financials,Unknown,False,False,False,0,,0.0,other
WTM,WTM,,,50406496.86584473,,,,,Financials,Unknown,False,False,False,0,,0.0,other
CBSH,CBSH,,,50579446.82767868,,,,,Financials,Unknown,False,False,False,0,,0.0,other
SAIC,SAIC,,,51574674.54269409,,,,,Industrials,Unknown,False,False,False,0,,0.0,other
HXL,HXL,,,51916997.84784317,,,,,Industrials,Unknown,False,False,False,0,,0.0,other
GGG,GGG,,,52390142.3526001,,,,,Industrials,Unknown,False,False,False,0,,0.0,other
SEIC,SEIC,,,52484235.41385651,,,,,Financials,Unknown,False,False,False,0,,0.0,other
ACHC,ACHC,,,52744378.9649868,,,,,Health Care,Unknown,False,False,False,0,,0.0,other
CACC,CACC,,,52992294.3095398,,,,,Financials,Unknown,False,False,False,0,,0.0,other
AVT,AVT,,,53260463.01549912,,,,,Information Technology,Unknown,False,False,False,0,,0.0,other
WSC,WSC,,,53814668.32213402,,,,,Industrials,Unknown,False,False,False,0,,0.0,other
ARW,ARW,,,53956877.77721405,,,,,Information Technology,Unknown,False,False,False,0,,0.0,other
KBR,KBR,,,58691037.72579193,,,,,Industrials,Unknown,False,False,False,0,,0.0,other
HLNE,HLNE,,,53963387.57232666,,,,,Financials,Unknown,False,False,False,0,,0.0,other
AXS,AXS,,,54478769.24888611,,,,,Financials,Unknown,False,False,False,0,,0.0,other
UWMC,UWMC,,,54863763.96911144,,,,,Financials,Unknown,False,False,False,0,,0.0,other
AFG,AFG,,,55219836.16828919,,,,,Financials,Unknown,False,False,False,0,,0.0,other
CRUS,CRUS,,,55682541.77055359,,,,,Information Technology,Unknown,False,False,False,0,,0.0,other
DCI,DCI,,,55751075.35404205,,,,,Industrials,Unknown,False,False,False,0,,0.0,other
RNG,RNG,,,56182312.51284599,,,,,Information Technology,Unknown,False,False,False,0,,0.0,other
RAL,RAL,,,56375012.18635559,,,,,Information Technology,Unknown,False,False,False,0,,0.0,other
CCCS,CCCS,,,57684026.816449165,,,,,Information Technology,Unknown,False,False,False,0,,0.0,other
SLM,SLM,,,57869919.59802628,,,,,Financials,Unknown,False,False,False,0,,0.0,other
WEX,WEX,,,58283684.59159851,,,,,Financials,Unknown,False,False,False,0,,0.0,other
CFR,CFR,,,58386643.19740296,,,,,Financials,Unknown,False,False,False,0,,0.0,other
CR,CR,,,58495114.30969238,,,,,Industrials,Unknown,False,False,False,0,,0.0,other
AAON,AAON,,,114443870.84571838,,,,,Industrials,Unknown,False,False,False,0,,0.0,other
SEDG,SEDG,,,137761266.9624424,,,,,Technology,Unknown,False,False,False,0,,0.0,other
SMTC,SMTC,,,114739975.49087524,,,,,Technology,Unknown,False,False,False,0,,0.0,other
NTNX,NTNX,,,239140988.3809662,,,,,Information Technology,Unknown,False,False,False,0,,0.0,other
GLXY,GLXY,,,201020048.2466507,,,,,Financial Services,Unknown,False,False,False,0,,0.0,other
NTRA,NTRA,,,201414111.4289856,,,,,Health Care,Unknown,False,False,False,0,,0.0,other
VRSN,VRSN,,,205079419.3812561,,,,,Information Technology,Unknown,False,False,False,0,,0.0,other
ENTG,ENTG,,,205288991.7702484,,,,,Information Technology,Unknown,False,False,False,0,,0.0,other
GEHC,GEHC,,,205877237.51205444,,,,,Health Care,Unknown,False,False,False,0,,0.0,other
SYF,SYF,,,206370270.61489105,,,,,Financials,Unknown,False,False,False,0,,0.0,other
TRI,TRI,,,207063938.93829343,,,,,Industrials,Unknown,False,False,False,0,,0.0,other
PCAR,PCAR,,,207873961.85253143,,,,,Industrials,Unknown,False,False,False,0,,0.0,other
AMP,AMP,,,210446130.7417297,,,,,Financials,Unknown,False,False,False,0,,0.0,other
ONDS,ONDS,,,213311792.08051205,,,,,Technology,Unknown,False,False,False,0,,0.0,other
COO,COO,,,214603496.9364548,,,,,Health Care,Unknown,False,False,False,0,,0.0,other
LII,LII,,,215617553.4680176,,,,,Industrials,Unknown,False,False,False,0,,0.0,other
ETHZ,ETHZ,,,218972949.02926207,,,,,Healthcare,Unknown,False,False,False,0,,0.0,other
CBOE,CBOE,,,220012688.4979248,,,,,Financials,Unknown,False,False,False,0,,0.0,other
DOCU,DOCU,,,220056902.424736,,,,,Information Technology,Unknown,False,False,False,0,,0.0,other
LUV,LUV,,,221140357.0257473,,,,,Industrials,Unknown,False,False,False,0,,0.0,other
IOT,IOT,,,221742625.36096573,,,,,Information Technology,Unknown,False,False,False,0,,0.0,other
BILL,BILL,,,222829689.8674965,,,,,Information Technology,Unknown,False,False,False,0,,0.0,other
IQV,IQV,,,223869445.21713257,,,,,Health Care,Unknown,False,False,False,0,,0.0,other
ITW,ITW,,,226285103.21777344,,,,,Industrials,Unknown,False,False,False,0,,0.0,other
DAY,DAY,,,227313775.02981183,,,,,Industrials,Unknown,False,False,False,0,,0.0,other
CORZ,CORZ,,,229785765.39775848,,,,,Technology,Unknown,False,False,False,0,,0.0,other
FHN,FHN,,,230954447.36445427,,,,,Financials,Unknown,False,False,False,0,,0.0,other
RSG,RSG,,,231955593.3795929,,,,,Industrials,Unknown,False,False,False,0,,0.0,other
KTOS,KTOS,,,232263897.4490929,,,,,Industrials,Unknown,False,False,False,0,,0.0,other
BRO,BRO,,,233867750.13263705,,,,,Financials,Unknown,False,False,False,0,,0.0,other
NTAP,NTAP,,,234583817.71362305,,,,,Information Technology,Unknown,False,False,False,0,,0.0,other
AME,AME,,,199137317.7194214,,,,,Industrials,Unknown,False,False,False,0,,0.0,other
GPN,GPN,,,199105567.2811508,,,,,Financials,Unknown,False,False,False,0,,0.0,other
PODD,PODD,,,198742606.55899048,,,,,Health Care,Unknown,False,False,False,0,,0.0,other
STT,STT,,,185761633.01948547,,,,,Financials,Unknown,False,False,False,0,,0.0,other
BR,BR,,,172615821.2891388,,,,,Industrials,Unknown,False,False,False,0,,0.0,other
WTW,WTW,,,172765728.65493774,,,,,Financials,Unknown,False,False,False,0,,0.0,other
HIG,HIG,,,172888232.1799469,,,,,Financials,Unknown,False,False,False,0,,0.0,other
SRPT,SRPT,,,174628854.58218575,,,,,Health Care,Unknown,False,False,False,0,,0.0,other
PEN,PEN,,,114881924.97695924,,,,,Health Care,Unknown,False,False,False,0,,0.0,other
KEYS,KEYS,,,178619170.17593384,,,,,Information Technology,Unknown,False,False,False,0,,0.0,other
AVAV,AVAV,,,178629566.1429596,,,,,Industrials,Unknown,False,False,False,0,,0.0,other
HUBB,HUBB,,,180454224.0018753,,,,,Industrials,Unknown,False,False,False,0,,0.0,other
FLEX,FLEX,,,181274112.75857925,,,,,Information Technology,Unknown,False,False,False,0,,0.0,other
SNDK,SNDK,,,181633985.96549988,,,,,Information Technology,Unknown,False,False,False,0,,0.0,other
CLSK,CLSK,,,182425109.4260311,,,,,Financial Services,Unknown,False,False,False,0,,0.0,other
CHRW,CHRW,,,185003025.8833313,,,,,Industrials,Unknown,False,False,False,0,,0.0,other
WAB,WAB,,,187418326.34902957,,,,,Industrials,Unknown,False,False,False,0,,0.0,other
BIIB,BIIB,,,198468647.3157501,,,,,Health Care,Unknown,False,False,False,0,,0.0,other
WIX,WIX,,,189256799.0509033,,,,,Technology,Unknown,False,False,False,0,,0.0,other
EME,EME,,,190477219.99450684,,,,,Industrials,Unknown,False,False,False,0,,0.0,other
CDW,CDW,,,190493455.5630493,,,,,Information Technology,Unknown,False,False,False,0,,0.0,other
BWXT,BWXT,,,192017098.1538391,,,,,Industrials,Unknown,False,False,False,0,,0.0,other
RBRK,RBRK,,,192291453.14792636,,,,,Information Technology,Unknown,False,False,False,0,,0.0,other
ELAN,ELAN,,,192442427.33020785,,,,,Health Care,Unknown,False,False,False,0,,0.0,other
IR,IR,,,192598626.425972,,,,,Industrials,Unknown,False,False,False,0,,0.0,other
A,A,,,195806912.2872162,,,,,Health Care,Unknown,False,False,False,0,,0.0,other
FTV,FTV,,,196075500.25669095,,,,,Industrials,Unknown,False,False,False,0,,0.0,other
CIFR,CIFR,,,197032830.3455782,,,,,Financial Services,Unknown,False,False,False,0,,0.0,other
ESTC,ESTC,,,197167689.11830905,,,,,Information Technology,Unknown,False,False,False,0,,0.0,other
ALGN,ALGN,,,197465295.0202942,,,,,Health Care,Unknown,False,False,False,0,,0.0,other
QUBT,QUBT,,,238681643.7816906,,,,,Technology,Unknown,False,False,False,0,,0.0,other
MET,MET,,,240057566.8087387,,,,,Financials,Unknown,False,False,False,0,,0.0,other
WAT,WAT,,,172090931.305542,,,,,Health Care,Unknown,False,False,False,0,,0.0,other
ARES,ARES,,,241683345.1725006,,,,,Financials,Unknown,False,False,False,0,,0.0,other
AZN,AZN,,,294518846.3505936,,,,,Health Care,Unknown,False,False,False,0,,0.0,other
ROK,ROK,,,294638755.66741943,,,,,Industrials,Unknown,False,False,False,0,,0.0,other
GWW,GWW,,,295230038.6026001,,,,,Industrials,Unknown,False,False,False,0,,0.0,other
LHX,LHX,,,296359649.1270447,,,,,Industrials,Unknown,False,False,False,0,,0.0,other
JBL,JBL,,,296475150.7792664,,,,,Information Technology,Unknown,False,False,False,0,,0.0,other
CMI,CMI,,,297812271.90734863,,,,,Industrials,Unknown,False,False,False,0,,0.0,other
OTIS,OTIS,,,302167226.6755676,,,,,Industrials,Unknown,False,False,False,0,,0.0,other
AIG,AIG,,,305402725.72597504,,,,,Financials,Unknown,False,False,False,0,,0.0,other
UTHR,UTHR,,,307041504.2097473,,,,,Health Care,Unknown,False,False,False,0,,0.0,other
BK,BK,,,307625043.287468,,,,,Financials,Unknown,False,False,False,0,,0.0,other
CPRT,CPRT,,,308083381.9312477,,,,,Industrials,Unknown,False,False,False,0,,0.0,other
PNC,PNC,,,309924804.7343445,,,,,Financials,Unknown,False,False,False,0,,0.0,other
GDDY,GDDY,,,311763743.6444855,,,,,Information Technology,Unknown,False,False,False,0,,0.0,other
DXCM,DXCM,,,314555630.2813721,,,,,Health Care,Unknown,False,False,False,0,,0.0,other
MSCI,MSCI,,,314628234.375,,,,,Financials,Unknown,False,False,False,0,,0.0,other
TFC,TFC,,,315966793.6223602,,,,,Financials,Unknown,False,False,False,0,,0.0,other
TEL,TEL,,,318409886.0601044,,,,,Information Technology,Unknown,False,False,False,0,,0.0,other
LYFT,LYFT,,,322633510.71683407,,,,,Industrials,Unknown,False,False,False,0,,0.0,other
ZM,ZM,,,322720293.0788803,,,,,Information Technology,Unknown,False,False,False,0,,0.0,other
TOST,TOST,,,328532561.16601944,,,,,Information Technology,Unknown,False,False,False,0,,0.0,other
TRV,TRV,,,329491956.3645935,,,,,Financials,Unknown,False,False,False,0,,0.0,other
PWR,PWR,,,342990228.9419556,,,,,Industrials,Unknown,False,False,False,0,,0.0,other
CARR,CARR,,,344297531.65340424,,,,,Industrials,Unknown,False,False,False,0,,0.0,other
RKT,RKT,,,355916517.9057121,,,,,Financials,Unknown,False,False,False,0,,0.0,other
IT,IT,,,359965966.2388611,,,,,Information Technology,Unknown,False,False,False,0,,0.0,other
CNC,CNC,,,364559175.39424896,,,,,Health Care,Unknown,False,False,False,0,,0.0,other
REGN,REGN,,60770828288.0,573260054.7967529,0.0,NEUTRAL,,,Health Care,Unknown,False,False,False,0,,0.0,other
EW,EW,,,294058752.41306305,,,,,Health Care,Unknown,False,False,False,0,,0.0,other
FERG,FERG,,,288446678.9577484,,,,,Industrials,Unknown,False,False,False,0,,0.0,other
MCO,MCO,,,286752229.1467285,,,,,Financials,Unknown,False,False,False,0,,0.0,other
FAST,FAST,,,267740016.34174347,,,,,Industrials,Unknown,False,False,False,0,,0.0,other
ALL,ALL,,,242794600.14282227,,,,,Financials,Unknown,False,False,False,0,,0.0,other
EFX,EFX,,,243548870.64735413,,,,,Industrials,Unknown,False,False,False,0,,0.0,other
NDAQ,NDAQ,,,244079789.1150284,,,,,Financials,Unknown,False,False,False,0,,0.0,other
MRNA,MRNA,,,248344490.4246235,,,,,Health Care,Unknown,False,False,False,0,,0.0,other
FIS,FIS,,,250599088.30684665,,,,,Financials,Unknown,False,False,False,0,,0.0,other
LPLA,LPLA,,,251930408.3137512,,,,,Financials,Unknown,False,False,False,0,,0.0,other
RUN,RUN,,,256103090.69067,,,,,Technology,Unknown,False,False,False,0,,0.0,other
MOH,MOH,,,256389765.46333316,,,,,Health Care,Unknown,False,False,False,0,,0.0,other
HPQ,HPQ,,,256864221.84726715,,,,,Information Technology,Unknown,False,False,False,0,,0.0,other
CTSH,CTSH,,,257372329.0839386,,,,,Information Technology,Unknown,False,False,False,0,,0.0,other
CIEN,CIEN,,,261389767.1080017,,,,,Information Technology,Unknown,False,False,False,0,,0.0,other
ARGX,ARGX,,,266097908.140564,,,,,Healthcare,Unknown,False,False,False,0,,0.0,other
GTLB,GTLB,,,268245498.20114136,,,,,Information Technology,Unknown,False,False,False,0,,0.0,other
PAYX,PAYX,,,286365127.5325775,,,,,Industrials,Unknown,False,False,False,0,,0.0,other
FIX,FIX,,,270639396.4047241,,,,,Industrials,Unknown,False,False,False,0,,0.0,other
GD,GD,,,273736835.6387329,,,,,Industrials,Unknown,False,False,False,0,,0.0,other
VRSK,VRSK,,,274447418.3598328,,,,,Industrials,Unknown,False,False,False,0,,0.0,other
VKTX,VKTX,,,276753769.35507774,,,,,Health Care,Unknown,False,False,False,0,,0.0,other
AFL,AFL,,,277232540.8052826,,,,,Financials,Unknown,False,False,False,0,,0.0,other
BLDR,BLDR,,,277486629.2172241,,,,,Industrials,Unknown,False,False,False,0,,0.0,other
IDXX,IDXX,,,278726065.055542,,,,,Health Care,Unknown,False,False,False,0,,0.0,other
ENPH,ENPH,,,280647796.9057083,,,,,Information Technology,Unknown,False,False,False,0,,0.0,other
PSTG,PSTG,,,281484085.6995392,,,,,Information Technology,Unknown,False,False,False,0,,0.0,other
FCNCA,FCNCA,,,282898812.3449707,,,,,Financials,Unknown,False,False,False,0,,0.0,other
RMD,RMD,,,282938728.7840271,,,,,Health Care,Unknown,False,False,False,0,,0.0,other
ODFL,ODFL,,,285191278.57048035,,,,,Industrials,Unknown,False,False,False,0,,0.0,other
GWRE,GWRE,,,172187250.57533264,,,,,Information Technology,Unknown,False,False,False,0,,0.0,other
CFG,CFG,,,177268869.17966843,,,,,Financials,Unknown,False,False,False,0,,0.0,other
TW,TW,,,171918534.7359848,,,,,Financials,Unknown,False,False,False,0,,0.0,other
HUT,HUT,,,139039847.53079414,,,,,Financial Services,Unknown,False,False,False,0,,0.0,other
S,S,,,127485042.20483305,,,,,Information Technology,Unknown,False,False,False,0,,0.0,other
CNH,CNH,,,127547239.42734718,,,,,Industrials,Unknown,False,False,False,0,,0.0,other
STRL,STRL,,,127644158.35708618,,,,,Industrials,Unknown,False,False,False,0,,0.0,other
UHS,UHS,,,127808831.16462708,,,,,Health Care,Unknown,False,False,False,0,,0.0,other
AAOI,AAOI,,,128015104.08875464,,,,,Technology,Unknown,False,False,False,0,,0.0,other
CRSP,CRSP,,,128431990.43113708,,,,,Healthcare,Unknown,False,False,False,0,,0.0,other
LDOS,LDOS,,,128911302.76428224,,,,,Industrials,Unknown,False,False,False,0,,0.0,other
TRMB,TRMB,,,129004843.0752182,,,,,Information Technology,Unknown,False,False,False,0,,0.0,other
PNR,PNR,,,129060090.09155272,,,,,Industrials,Unknown,False,False,False,0,,0.0,other
PGY,PGY,,,129071176.96393968,,,,,Technology,Unknown,False,False,False,0,,0.0,other
MIDD,MIDD,,,130219420.33367155,,,,,Industrials,Unknown,False,False,False,0,,0.0,other
GEN,GEN,,,130458740.35146712,,,,,Information Technology,Unknown,False,False,False,0,,0.0,other
CPAY,CPAY,,,130617189.08309937,,,,,Financials,Unknown,False,False,False,0,,0.0,other
SNY,SNY,,,131051932.87565231,,,,,Healthcare,Unknown,False,False,False,0,,0.0,other
RPRX,RPRX,,,131118320.13753892,,,,,Health Care,Unknown,False,False,False,0,,0.0,other
NLY,NLY,,,131955989.1333866,,,,,Financials,Unknown,False,False,False,0,,0.0,other
ONTO,ONTO,,,132043026.38755798,,,,,Information Technology,Unknown,False,False,False,0,,0.0,other
COLB,COLB,,,132407872.4714756,,,,,Financials,Unknown,False,False,False,0,,0.0,other
GLOB,GLOB,,,132809645.19874571,,,,,Information Technology,Unknown,False,False,False,0,,0.0,other
FFIV,FFIV,,,132819855.54290771,,,,,Information Technology,Unknown,False,False,False,0,,0.0,other
BRKR,BRKR,,,133116763.968153,,,,,Health Care,Unknown,False,False,False,0,,0.0,other
ALK,ALK,,,133578174.09578323,,,,,Industrials,Unknown,False,False,False,0,,0.0,other
MTD,MTD,,,171756381.6845703,,,,,Health Care,Unknown,False,False,False,0,,0.0,other
FNB,FNB,,,134042726.54354095,,,,,Financials,Unknown,False,False,False,0,,0.0,other
PATH,PATH,,,134152278.50311756,,,,,Information Technology,Unknown,False,False,False,0,,0.0,other
EXPD,EXPD,,,134450743.30078125,,,,,Industrials,Unknown,False,False,False,0,,0.0,other
OC,OC,,,135457108.3783722,,,,,Industrials,Unknown,False,False,False,0,,0.0,other
RNA,RNA,,,127406691.40285492,,,,,Healthcare,Unknown,False,False,False,0,,0.0,other
GRAB,GRAB,,,127370698.21833134,,,,,Technology,Unknown,False,False,False,0,,0.0,other
CRL,CRL,,,127321178.5157776,,,,,Health Care,Unknown,False,False,False,0,,0.0,other
WCC,WCC,,,119548503.69735718,,,,,Industrials,Unknown,False,False,False,0,,0.0,other
WRB,WRB,,,116522362.52109528,,,,,Financials,Unknown,False,False,False,0,,0.0,other
VSAT,VSAT,,,116639109.3347168,,,,,Technology,Unknown,False,False,False,0,,0.0,other
WWD,WWD,,,116982461.29005432,,,,,Industrials,Unknown,False,False,False,0,,0.0,other
CYTK,CYTK,,,117036209.02334212,,,,,Healthcare,Unknown,False,False,False,0,,0.0,other
SLNO,SLNO,,,117249660.02037048,,,,,Healthcare,Unknown,False,False,False,0,,0.0,other
IEX,IEX,,,117501964.1405487,,,,,Industrials,Unknown,False,False,False,0,,0.0,other
IPDN,IPDN,,,117607606.7762226,,,,,Industrials,Unknown,False,False,False,0,,0.0,other
AL,AL,,,117936282.9633522,,,,,Industrials,Unknown,False,False,False,0,,0.0,other
RBA,RBA,,,118233676.67549132,,,,,Industrials,Unknown,False,False,False,0,,0.0,other
ALTS,ALTS,,,118849067.40017892,,,,,Technology,Unknown,False,False,False,0,,0.0,other
BBIO,BBIO,,,119137815.30515672,,,,,Healthcare,Unknown,False,False,False,0,,0.0,other
EVR,EVR,,,119349372.20855711,,,,,Financials,Unknown,False,False,False,0,,0.0,other
CMA,CMA,,,119883314.67536926,,,,,Financials,Unknown,False,False,False,0,,0.0,other
AUR,AUR,,,127018358.4150052,,,,,Information Technology,Unknown,False,False,False,0,,0.0,other
XP,XP,,,119892471.86224936,,,,,Financials,Unknown,False,False,False,0,,0.0,other
NICE,NICE,,,120403855.97866058,,,,,Technology,Unknown,False,False,False,0,,0.0,other
WSO,WSO,,,120784851.56356812,,,,,Industrials,Unknown,False,False,False,0,,0.0,other
QRVO,QRVO,,,121706172.5479126,,,,,Information Technology,Unknown,False,False,False,0,,0.0,other
MKTX,MKTX,,,122592250.08590698,,,,,Financials,Unknown,False,False,False,0,,0.0,other
WST,WST,,,123174936.43211363,,,,,Health Care,Unknown,False,False,False,0,,0.0,other
WMS,WMS,,,123883592.32414246,,,,,Industrials,Unknown,False,False,False,0,,0.0,other
NTRS,NTRS,,,123937423.53214264,,,,,Financials,Unknown,False,False,False,0,,0.0,other
LH,LH,,,125120394.73709106,,,,,Health Care,Unknown,False,False,False,0,,0.0,other
CW,CW,,,125513536.64138794,,,,,Industrials,Unknown,False,False,False,0,,0.0,other
ALLE,ALLE,,,125896853.86375429,,,,,Industrials,Unknown,False,False,False,0,,0.0,other
EPAM,EPAM,,,125926834.90356444,,,,,Information Technology,Unknown,False,False,False,0,,0.0,other
ILMN,ILMN,,,136589765.38791656,,,,,Health Care,Unknown,False,False,False,0,,0.0,other
ATI,ATI,,,133790127.76763916,,,,,Industrials,Unknown,False,False,False,0,,0.0,other
ZBH,ZBH,,,139978779.3845749,,,,,Health Care,Unknown,False,False,False,0,,0.0,other
TRU,TRU,,,154907639.47666168,,,,,Industrials,Unknown,False,False,False,0,,0.0,other
FTAI,FTAI,,,155682523.89556885,,,,,Industrials,Unknown,False,False,False,0,,0.0,other
ZBRA,ZBRA,,,156628988.72802734,,,,,Information Technology,Unknown,False,False,False,0,,0.0,other
NXT,NXT,,,157405222.5092125,,,,,Technology,Unknown,False,False,False,0,,0.0,other
GNRC,GNRC,,,157801588.28575134,,,,,Industrials,Unknown,False,False,False,0,,0.0,other
JKHY,JKHY,,,140640823.78181458,,,,,Financials,Unknown,False,False,False,0,,0.0,other
TYL,TYL,,,159127652.93670654,,,,,Information Technology,Unknown,False,False,False,0,,0.0,other
PTC,PTC,,,159253040.53001404,,,,,Information Technology,Unknown,False,False,False,0,,0.0,other
AKAM,AKAM,,,159271528.2144928,,,,,Information Technology,Unknown,False,False,False,0,,0.0,other
EXAS,EXAS,,,159482638.45363617,,,,,Health Care,Unknown,False,False,False,0,,0.0,other
BAH,BAH,,,160513898.95275116,,,,,Industrials,Unknown,False,False,False,0,,0.0,other
BULL,BULL,,,161073217.6183653,,,,,Technology,Unknown,False,False,False,0,,0.0,other
SWKS,SWKS,,,161519633.5661316,,,,,Information Technology,Unknown,False,False,False,0,,0.0,other
DT,DT,,,161724328.23839188,,,,,Information Technology,Unknown,False,False,False,0,,0.0,other
IONS,IONS,,,161913186.13651276,,,,,Health Care,Unknown,False,False,False,0,,0.0,other
MDGL,MDGL,,,162981281.44348145,,,,,Healthcare,Unknown,False,False,False,0,,0.0,other
CG,CG,,,163940124.61156845,,,,,Financials,Unknown,False,False,False,0,,0.0,other
EQH,EQH,,,164015985.01943588,,,,,Financials,Unknown,False,False,False,0,,0.0,other
SAIA,SAIA,,,164855737.8843689,,,,,Industrials,Unknown,False,False,False,0,,0.0,other
CFLT,CFLT,,,165065698.80631447,,,,,Information Technology,Unknown,False,False,False,0,,0.0,other
PRU,PRU,,,165664236.9190216,,,,,Financials,Unknown,False,False,False,0,,0.0,other
QXO,QXO,,,166349226.40291214,,,,,Industrials,Unknown,False,False,False,0,,0.0,other
BAX,BAX,,,166692617.354002,,,,,Health Care,Unknown,False,False,False,0,,0.0,other
ACGL,ACGL,,,166699052.48893738,,,,,Financials,Unknown,False,False,False,0,,0.0,other
MTB,MTB,,,170215840.36354065,,,,,Financials,Unknown,False,False,False,0,,0.0,other
AGNC,AGNC,,,171272364.67801094,,,,,Financials,Unknown,False,False,False,0,,0.0,other
THC,THC,,,171582934.7895813,,,,,Health Care,Unknown,False,False,False,0,,0.0,other
ICLR,ICLR,,,171714039.9747467,,,,,Healthcare,Unknown,False,False,False,0,,0.0,other
LSCC,LSCC,,,155578254.4249916,,,,,Information Technology,Unknown,False,False,False,0,,0.0,other
FDS,FDS,,,158123089.23477173,,,,,Financials,Unknown,False,False,False,0,,0.0,other
FITB,FITB,,,154840687.22549438,,,,,Financials,Unknown,False,False,False,0,,0.0,other
JBHT,JBHT,,,148990390.58288574,,,,,Industrials,Unknown,False,False,False,0,,0.0,other
DGX,DGX,,,141057308.4210205,,,,,Health Care,Unknown,False,False,False,0,,0.0,other
THAR,THAR,,,141299678.57228816,,,,,Healthcare,Unknown,False,False,False,0,,0.0,other
OWL,OWL,,,141838040.12688637,,,,,Financials,Unknown,False,False,False,0,,0.0,other
CAR,CAR,,,142298888.29666138,,,,,Industrials,Unknown,False,False,False,0,,0.0,other
VRNA,VRNA,,,142554911.8225479,,,,,Healthcare,Unknown,False,False,False,0,,0.0,other
HEI,HEI,,,143233013.8067627,,,,,Industrials,Unknown,False,False,False,0,,0.0,other
GH,GH,,,154148409.4118309,,,,,Healthcare,Unknown,False,False,False,0,,0.0,other
FOUR,FOUR,,,144647068.02818298,,,,,Information Technology,Unknown,False,False,False,0,,0.0,other
TDY,TDY,,,145007099.5175171,,,,,Industrials,Unknown,False,False,False,0,,0.0,other
CSL,CSL,,,145062773.01757812,,,,,Industrials,Unknown,False,False,False,0,,0.0,other
HALO,HALO,,,147578026.9536972,,,,,Health Care,Unknown,False,False,False,0,,0.0,other
NVT,NVT,,,147933294.7850418,,,,,Industrials,Unknown,False,False,False,0,,0.0,other
PAYC,PAYC,,,143495553.0052948,,,,,Information Technology,Unknown,False,False,False,0,,0.0,other
INCY,INCY,,,149387138.399086,,,,,Health Care,Unknown,False,False,False,0,,0.0,other
COOP,COOP,,,151549340.20866394,,,,,Financials,Unknown,False,False,False,0,,0.0,other
DOV,DOV,,,154080977.7571869,,,,,Industrials,Unknown,False,False,False,0,,0.0,other
TROW,TROW,,,149600789.2262268,,,,,Financials,Unknown,False,False,False,0,,0.0,other
AVTR,AVTR,,,153721367.00586796,,,,,Health Care,Unknown,False,False,False,0,,0.0,other
MTZ,MTZ,,,153060003.10165405,,,,,Industrials,Unknown,False,False,False,0,,0.0,other
MEDP,MEDP,,,152479920.30075073,,,,,Health Care,Unknown,False,False,False,0,,0.0,other
TFSL,TFSL,,,4827284.979376793,,,,,Financials,Unknown,False,False,False,0,,0.0,other
XPO,XPO,,,151459054.6181488,,,,,Industrials,Unknown,False,False,False,0,,0.0,other
SWK,SWK,,,151033116.46297455,,,,,Industrials,Unknown,False,False,False,0,,0.0,other
CHKP,CHKP,,,150701843.8607025,,,,,Technology,Unknown,False,False,False,0,,0.0,other
XYL,XYL,,,149995643.11172485,,,,,Industrials,Unknown,False,False,False,0,,0.0,other
MAS,MAS,,,149921049.67948914,,,,,Industrials,Unknown,False,False,False,0,,0.0,other
RJF,RJF,,,149832655.8592224,,,,,Financials,Unknown,False,False,False,0,,0.0,other
FTNT,FTNT,,60404748288.0,762172748.6968613,-0.04242424242424242,NEUTRAL,,,Information Technology,Unknown,False,False,False,0,,-0.025454545454545452,other
RGTI,RGTI,,4894891520.0,648860304.0610933,-0.045454545454545456,NEUTRAL,,,Technology,Unknown,False,False,False,0,,-0.02727272727272727,other
JCI,JCI,,69515321344.0,550285985.2462769,-0.045454545454545456,NEUTRAL,,,Industrials,Unknown,False,False,False,0,,-0.02727272727272727,other
TEAM,TEAM,,45234421760.0,497654799.0164948,-0.08787878787878788,NEUTRAL,,,Information Technology,Unknown,False,False,False,0,,-0.05272727272727273,other
XYZ,XYZ,,45682225152.0,562239269.9634552,-0.09090909090909091,NEUTRAL,,,Financials,Unknown,False,False,False,0,,-0.05454545454545454,other
NSC,NSC,,62314323968.0,549545930.5897522,-0.13636363636363635,NEUTRAL,,,Industrials,Unknown,False,False,False,0,,-0.0818181818181818,other
VRT,VRT,,47351508992.0,791689459.596138,-0.22424242424242424,SELL,,,Industrials,Unknown,False,False,False,0,,-0.13454545454545455,other
UPS,UPS,,72077352960.0,720441202.286911,-0.26363636363636367,SELL,,,Industrials,Unknown,False,False,False,0,,-0.1581818181818182,other
CSX,CSX,,60645027840.0,830258127.1793747,-0.35757575757575755,SELL,,,Industrials,Unknown,False,False,False,0,,-0.2145454545454545,other
PYPL,PYPL,,65214103552.0,646369415.0697708,-0.37575757575757573,SELL,,,Financials,Unknown,False,False,False,0,,-0.22545454545454544,other
FI,FI,,73412239360.0,535568658.0767822,-0.4666666666666667,SELL,,,Financials,Unknown,False,False,False,0,,-0.27999999999999997,other
TDG,TDG,,71623491584.0,470021564.0661621,-0.49090909090909096,SELL,,,Industrials,Unknown,False,False,False,0,,-0.29454545454545455,other
MARA,MARA,,5627256832.0,771568087.2201729,-0.5575757575757576,STRONG_SELL,,,Financial Services,Unknown,False,False,False,0,,-0.33454545454545453,other
