ticker_tv,ticker_yf,price,market_cap,sector,industry,technical_local,tech_score,tv_reco,analyst_bucket,analyst_mean,analyst_votes,rank_score
AFRM,AFRM,88.45999908447266,28806997286.498535,Information Technology,Software - Infrastructure,Strong Buy,4,STRONG_BUY,Buy,1.78261,19.0,6.95
A,A,125.66000366210938,35695607934.99707,Health Care,Health Care Equipment,Strong Buy,4,STRONG_BUY,Buy,2.22222,15.0,6.75
PR,PR,14.289999961853027,11566254633.44403,Energy,Oil & Gas Exploration & Production,Strong Buy,4,,Strong Buy,1.28571,20.0,5.0
THC,THC,184.3300018310547,16285739991.775513,Health Care,Health Care Facilities,Strong Buy,6,,Strong Buy,1.59091,21.0,5.0
NTRA,NTRA,168.25,23091976000.0,Health Care,Diagnostics & Research,Strong Buy,4,,Strong Buy,1.45,20.0,5.0
DKNG,DKNG,47.97999954223633,23820631140.414062,Consumer Discretionary,Gambling,Strong Buy,4,,Strong Buy,1.47059,33.0,5.0
PODD,PODD,339.8800048828125,23925001884.19336,Health Care,Medical Devices,Strong Buy,6,,Strong Buy,1.45833,23.0,5.0
UAL,UAL,105.0,33991860000.0,Industrials,Passenger Airlines,Strong Buy,4,,Strong Buy,1.45455,20.0,5.0
VICI,VICI,33.779998779296875,36021976757.79883,Real Estate,Hotel & Resort REITs,Strong Buy,6,,Strong Buy,1.52174,22.0,5.0
LYV,LYV,166.49000549316406,38617356774.139404,Communication Services,Movies & Entertainment,Strong Buy,4,,Strong Buy,1.47619,20.0,5.0
DAL,DAL,61.779998779296875,40339124665.984375,Industrials,Passenger Airlines,Strong Buy,6,,Strong Buy,1.45455,21.0,5.0
FANG,FANG,148.75999450683594,43063938149.96582,Energy,Oil & Gas Exploration & Production,Strong Buy,4,,Strong Buy,1.46667,30.0,5.0
FLUT,FLUT,307.1700134277344,53987277592.6582,Consumer Discretionary,Casinos & Gaming,Strong Buy,6,,Strong Buy,1.42308,26.0,5.0
COP,COP,98.97000122070312,123607596491.625,Energy,Oil & Gas Exploration & Production,Strong Buy,4,,Strong Buy,1.57692,26.0,5.0
ANET,ANET,136.5500030517578,171625604520.4629,Information Technology,Communications Equipment,Strong Buy,4,,Strong Buy,1.57143,24.0,5.0
BRX,BRX,27.989999771118164,8567738929.93927,Real Estate,Retail REITs,Strong Buy,6,,Strong Buy,1.5,18.0,4.9
TJX,TJX,136.61000061035156,152404844509.4004,Consumer Discretionary,Apparel Retail,Strong Buy,4,,Strong Buy,1.47619,18.0,4.9
WYNN,WYNN,126.75,13179084750.0,Consumer Discretionary,Casinos & Gaming,Strong Buy,4,,Strong Buy,1.5,17.0,4.85
MTZ,MTZ,181.69000244140625,14336794712.646484,Industrials,Construction & Engineering,Strong Buy,5,,Strong Buy,1.41176,17.0,4.85
TKO,TKO,189.55999755859375,15617506990.856934,Communication Services,Movies & Entertainment,Strong Buy,4,,Strong Buy,1.47368,17.0,4.85
PEN,PEN,272.6400146484375,10632715195.275879,Health Care,Health Care Equipment,Strong Buy,4,,Strong Buy,1.55556,16.0,4.8
BROS,BROS,71.83000183105469,11817400645.8833,Consumer Discretionary,Restaurants,Strong Buy,4,,Strong Buy,1.47059,16.0,4.8
VNOM,VNOM,39.845001220703125,12997679105.720703,Energy,Oil & Gas Storage & Transportation,Strong Buy,4,,Strong Buy,1.25,16.0,4.8
BURL,BURL,290.67999267578125,18323013338.31787,Consumer Discretionary,Apparel Retail,Strong Buy,4,,Strong Buy,1.27778,16.0,4.8
INSM,INSM,136.10000610351562,28768139878.930664,Health Care,Biotechnology,Strong Buy,6,,Strong Buy,1.22222,16.0,4.8
ALAB,ALAB,182.1999969482422,30285102750.339844,Information Technology,Semiconductors,Strong Buy,4,,Strong Buy,1.5625,16.0,4.8
WAL,WAL,89.55000305175781,9883544286.819458,Financials,Banks - Regional,Strong Buy,6,,Strong Buy,1.46667,15.0,4.75
ALK,ALK,62.779998779296875,7285304958.343506,Industrials,Passenger Airlines,Strong Buy,4,,Strong Buy,1.42857,14.0,4.7
ELF,ELF,125.0,7091862500.0,Consumer Staples,Personal Care Products,Strong Buy,4,,Strong Buy,1.4,13.0,4.65
TLN,TLN,378.9200134277344,17735957500.50659,Utilities,Independent Power Producers & Energy Traders,Strong Buy,4,,Strong Buy,1.38462,13.0,4.65
AFL,AFL,106.86000061035156,57152041841.31494,Financials,Life & Health Insurance,Buy,2,STRONG_BUY,Hold,2.92308,13.0,4.65
EHC,EHC,121.76000213623047,12264154455.169678,Health Care,Health Care Facilities,Strong Buy,4,,Strong Buy,1.15385,12.0,4.6
ACM,ACM,124.88999938964844,16541180859.161377,Industrials,Construction & Engineering,Strong Buy,4,BUY,Strong Buy,1.53846,11.0,4.55
WMS,WMS,143.97000122070312,11309117714.768555,Industrials,Building Products & Equipment,Strong Buy,4,BUY,Strong Buy,1.4,10.0,4.5
FTAI,FTAI,153.85000610351562,15780548976.043701,Industrials,Rental & Leasing Services,Strong Buy,6,,Strong Buy,1.4,10.0,4.5
R,R,187.52000427246094,7649053486.276245,Industrials,Cargo Ground Transportation,Strong Buy,6,,Strong Buy,1.5,8.0,4.4
WTRG,WTRG,39.5099983215332,11081329403.16211,Utilities,Water Utilities,Strong Buy,6,,Strong Buy,1.3,8.0,4.4
CRUS,CRUS,114.19000244140625,5861624043.322754,Information Technology,Semiconductors,Strong Buy,4,,Strong Buy,1.57143,6.0,4.3
GTLB,GTLB,48.02000045776367,8170362593.726196,Information Technology,Software - Infrastructure,Buy,2,,Strong Buy,1.53571,27.0,4.0
AAL,AAL,13.369999885559082,8821913547.528564,Industrials,Passenger Airlines,Strong Buy,4,,Buy,2.22727,20.0,4.0
OVV,OVV,42.119998931884766,10826397828.494873,Energy,Oil & Gas E&P,Strong Buy,4,,Buy,1.65217,21.0,4.0
NCLH,NCLH,24.84000015258789,11226114950.240112,Consumer Discretionary,"Hotels, Resorts & Cruise Lines",Strong Buy,4,,Buy,1.73913,21.0,4.0
REG,REG,72.5,13189128080.0,Real Estate,Retail REITs,Strong Buy,4,,Buy,1.7619,20.0,4.0
ROKU,ROKU,96.55999755859375,14226281772.785156,Communication Services,Entertainment,Strong Buy,6,,Buy,2.03333,26.0,4.0
CHRW,CHRW,128.6999969482422,15198311339.614868,Industrials,Air Freight & Logistics,Strong Buy,4,,Buy,2.07692,25.0,4.0
KIM,KIM,22.489999771118164,15230227845.00122,Real Estate,Retail REITs,Strong Buy,4,,Buy,2.375,21.0,4.0
CELH,CELH,62.880001068115234,16219644755.516052,Consumer Staples,Soft Drinks & Non-alcoholic Beverages,Strong Buy,6,,Buy,1.9,20.0,4.0
CHWY,CHWY,40.959999084472656,16908902349.736572,Consumer Discretionary,Other Specialty Retail,Strong Buy,4,,Buy,2.03448,21.0,4.0
U,U,39.40999984741211,16972546363.725586,Information Technology,Software - Application,Strong Buy,4,,Buy,2.18519,22.0,4.0
RBRK,RBRK,89.4000015258789,17298273780.046875,Information Technology,Software - Infrastructure,Buy,3,,Strong Buy,1.33333,20.0,4.0
GPN,GPN,88.81999969482422,21548354376.522217,Financials,Transaction & Payment Processing Services,Strong Buy,4,,Buy,2.41379,22.0,4.0
DVN,DVN,36.099998474121094,22916279031.37207,Energy,Oil & Gas Exploration & Production,Strong Buy,4,,Buy,1.8,29.0,4.0
RF,RF,27.389999389648438,24440314698.898438,Financials,Regional Banks,Strong Buy,4,,Buy,2.29167,22.0,4.0
PINS,PINS,36.630001068115234,24953418704.591064,Communication Services,Internet Content & Information,Buy,3,,Strong Buy,1.525,36.0,4.0
MDB,MDB,315.6099853515625,25736762164.03711,Information Technology,Systems Software,Strong Buy,4,,Buy,1.675,36.0,4.0
EXPE,EXPE,214.8000030517578,26574197177.55127,Consumer Discretionary,"Hotels, Resorts & Cruise Lines",Strong Buy,6,,Buy,2.28571,32.0,4.0
SYF,SYF,76.33999633789062,28402905136.04297,Financials,Consumer Finance,Strong Buy,4,,Buy,1.90909,21.0,4.0
FITB,FITB,45.77000045776367,30294567194.507812,Financials,Regional Banks,Strong Buy,6,,Buy,1.91667,22.0,4.0
TSCO,TSCO,61.7599983215332,32729834630.493164,Consumer Discretionary,Other Specialty Retail,Strong Buy,6,,Buy,2.21875,27.0,4.0
HUM,HUM,303.6600036621094,36521795960.44922,Health Care,Managed Health Care,Strong Buy,4,,Buy,2.44,22.0,4.0
MLM,MLM,616.4000244140625,37172619872.31445,Materials,Construction Materials,Strong Buy,4,,Buy,1.80952,22.0,4.0
RDDT,RDDT,225.0800018310547,42125072822.69287,Communication Services,Interactive Media & Services,Strong Buy,4,,Buy,2.07407,26.0,4.0
TTWO,TTWO,233.27000427246094,43031317688.14087,Communication Services,Interactive Home Entertainment,Buy,3,,Strong Buy,1.37037,27.0,4.0
CCL,CCL,31.889999389648438,44052524726.146484,Consumer Discretionary,"Hotels, Resorts & Cruise Lines",Strong Buy,4,,Buy,1.71429,22.0,4.0
BKR,BKR,45.400001525878906,45269659211.098145,Energy,Oil & Gas Equipment & Services,Strong Buy,6,,Buy,1.91304,21.0,4.0
EW,EW,81.33999633789062,48130419340.90039,Health Care,Health Care Equipment,Strong Buy,6,,Buy,2.15152,30.0,4.0
XYZ,XYZ,79.63999938964844,48547269387.93945,Financials,Transaction & Payment Processing Services,Strong Buy,6,,Buy,1.95455,36.0,4.0
DDOG,DDOG,136.67999267578125,49159144058.84766,Information Technology,Application Software,Buy,3,,Strong Buy,1.54545,40.0,4.0
CTVA,CTVA,74.19000244140625,50382433032.03906,Materials,Fertilizers & Agricultural Chemicals,Buy,2,,Strong Buy,1.56522,21.0,4.0
LNG,LNG,241.82000732421875,53144299369.62891,Energy,Oil & Gas Midstream,Strong Buy,4,,Buy,1.6087,21.0,4.0
SLB,SLB,36.84000015258789,54953123617.05078,Energy,Oil & Gas Equipment & Services,Buy,2,,Strong Buy,1.48276,28.0,4.0
GM,GM,58.59000015258789,55782251102.715576,Consumer Discretionary,Automobile Manufacturers,Strong Buy,4,,Buy,2.25,25.0,4.0
TFC,TFC,46.81999969482422,60371580406.49414,Financials,Regional Banks,Strong Buy,4,,Buy,2.18182,21.0,4.0
TRV,TRV,271.510009765625,61126134538.57422,Financials,Property & Casualty Insurance,Strong Buy,4,,Buy,2.43478,20.0,4.0
HLT,HLT,276.05999755859375,64983971305.29785,Consumer Discretionary,"Hotels, Resorts & Cruise Lines",Strong Buy,6,,Buy,2.32,24.0,4.0
ADSK,ADSK,314.70001220703125,67328491594.0332,Information Technology,Application Software,Strong Buy,4,,Buy,1.6129,29.0,4.0
SPG,SPG,180.66000366210938,68146219446.65332,Real Estate,Retail REITs,Strong Buy,6,,Buy,2.15,20.0,4.0
AZO,AZO,4198.52978515625,70235945216.94336,Consumer Discretionary,Automotive Retail,Strong Buy,4,,Buy,1.62963,22.0,4.0
NET,NET,208.7100067138672,72731677220.30176,Information Technology,Software - Infrastructure,Strong Buy,6,,Buy,2.11765,29.0,4.0
USB,USB,48.83000183105469,75988758205.6289,Financials,Diversified Banks,Strong Buy,4,,Buy,2.0,22.0,4.0
SNOW,SNOW,238.66000366210938,79630815683.33203,Information Technology,Software - Application,Strong Buy,4,,Buy,1.60784,47.0,4.0
CVS,CVS,73.1500015258789,92778340264.91797,Health Care,Health Care Services,Strong Buy,6,,Buy,1.65385,24.0,4.0
HCA,HCA,403.9599914550781,95301026072.42773,Health Care,Health Care Facilities,Strong Buy,4,,Buy,2.0,21.0,4.0
PH,PH,759.3499755859375,97145161076.66016,Industrials,Industrial Machinery & Supplies & Components,Strong Buy,4,,Buy,1.66667,21.0,4.0
RCL,RCL,363.2200012207031,98660722491.57715,Consumer Discretionary,"Hotels, Resorts & Cruise Lines",Strong Buy,4,,Buy,1.76923,23.0,4.0
PLD,PLD,113.77999877929688,105595004276.39062,Real Estate,Industrial REITs,Strong Buy,4,,Buy,2.04167,20.0,4.0
CVNA,CVNA,371.9200134277344,118474007492.72461,Consumer Discretionary,Automotive Retail,Strong Buy,4,,Buy,2.18182,20.0,4.0
ADI,ADI,251.30999755859375,123633211859.41797,Information Technology,Semiconductors,Strong Buy,4,,Buy,1.74286,32.0,4.0
PANW,PANW,190.52000427246094,127255169573.73047,Information Technology,Systems Software,Strong Buy,4,,Buy,1.77358,46.0,4.0
MU,MU,119.01000213623047,133187661786.55957,Information Technology,Semiconductors,Buy,3,,Strong Buy,1.53846,35.0,4.0
COF,COF,227.22000122070312,145311051702.9004,Financials,Consumer Finance,Strong Buy,4,,Buy,1.65217,21.0,4.0
APP,APP,478.5899963378906,163628480149.21582,Information Technology,Application Software,Strong Buy,6,,Buy,1.76,21.0,4.0
QCOM,QCOM,160.72999572753906,173427675676.73438,Information Technology,Semiconductors,Strong Buy,4,,Buy,2.19444,27.0,4.0
C,C,96.56999969482422,177775709347.9619,Financials,Diversified Banks,Strong Buy,6,,Buy,1.85714,20.0,4.0
BA,BA,234.67999267578125,178574111861.6914,Industrials,Aerospace & Defense,Strong Buy,6,,Buy,1.62963,24.0,4.0
DV,DV,16.270000457763672,2662227634.902954,Information Technology,Software - Application,Strong Buy,4,,Buy,2.35,19.0,3.95
FIVE,FIVE,145.10000610351562,8260354717.46521,Consumer Discretionary,Other Specialty Retail,Strong Buy,4,,Buy,2.18182,19.0,3.95
LITE,LITE,132.80999755859375,9283418829.345703,Information Technology,Communication Equipment,Strong Buy,6,,Buy,1.63158,19.0,3.95
PTC,PTC,213.5,25758988500.0,Information Technology,Application Software,Strong Buy,4,,Buy,1.78947,19.0,3.95
TRGP,TRGP,167.75999450683594,36100608737.91504,Energy,Oil & Gas Storage & Transportation,Buy,2,,Strong Buy,1.33333,19.0,3.95
LHX,LHX,277.6199951171875,51941315207.41016,Industrials,Aerospace & Defense,Strong Buy,4,,Buy,1.72727,19.0,3.95
PSX,PSX,133.5800018310547,53982884659.973145,Energy,Oil & Gas Refining & Marketing,Strong Buy,4,,Buy,2.1,19.0,3.95
NEM,NEM,74.4000015258789,81724685247.30176,Materials,Gold,Strong Buy,6,,Buy,1.90476,19.0,3.95
WELL,WELL,168.27999877929688,112550035771.08203,Real Estate,Health Care REITs,Strong Buy,4,,Buy,1.63158,19.0,3.95
PENN,PENN,20.229999542236328,2946378053.329468,Consumer Discretionary,Casinos & Gaming,Strong Buy,6,,Buy,2.15,18.0,3.9
FRT,FRT,100.55000305175781,8674056216.063232,Real Estate,Retail REITs,Strong Buy,4,,Buy,2.0,18.0,3.9
PSTG,PSTG,77.61000061035156,25365431719.48242,Information Technology,Computer Hardware,Strong Buy,6,,Buy,1.9,18.0,3.9
FOXA,FOXA,59.70000076293945,25385277079.61255,Communication Services,Movies & Entertainment,Strong Buy,6,,Buy,2.33333,18.0,3.9
VTR,VTR,68.08000183105469,30940387056.80127,Real Estate,Health Care REITs,Buy,2,,Strong Buy,1.5,18.0,3.9
LVS,LVS,57.630001068115234,39560345675.29199,Consumer Discretionary,Casinos & Gaming,Strong Buy,6,,Buy,1.68421,18.0,3.9
VLO,VLO,152.00999450683594,47222208813.5376,Energy,Oil & Gas Refining & Marketing,Strong Buy,4,,Buy,1.95,18.0,3.9
URI,URI,956.3400268554688,61532064935.913086,Industrials,Trading Companies & Distributors,Strong Buy,4,,Buy,2.28571,18.0,3.9
GD,GD,324.57000732421875,87307057383.60352,Industrials,Aerospace & Defense,Strong Buy,4,,Buy,2.31818,18.0,3.9
MTDR,MTDR,50.36000061035156,6269517915.985107,Energy,Oil & Gas Exploration & Production,Buy,2,,Strong Buy,1.38889,17.0,3.85
HST,HST,17.209999084472656,11985559937.759277,Real Estate,Hotel & Resort REITs,Strong Buy,4,,Buy,1.88889,17.0,3.85
LH,LH,277.989990234375,23100968188.476562,Health Care,Health Care Services,Strong Buy,4,,Buy,1.63158,17.0,3.85
HPE,HPE,22.56999969482422,29616805721.782227,Information Technology,"Technology Hardware, Storage & Peripherals",Strong Buy,4,,Buy,2.05,17.0,3.85
DNLI,DNLI,15.270000457763672,2232657306.930542,Healthcare,Biotechnology,Buy,2,,Strong Buy,1.15789,16.0,3.8
MHK,MHK,132.69000244140625,8244281962.689209,Consumer Discretionary,Home Furnishings,Strong Buy,6,,Buy,2.11765,16.0,3.8
FHN,FHN,22.600000381469727,11475104993.69049,Financials,Regional Banks,Strong Buy,4,,Buy,1.9375,16.0,3.8
CIEN,CIEN,93.97000122070312,13284257914.327148,Information Technology,Communications Equipment,Strong Buy,6,,Buy,2.11765,16.0,3.8
TOL,TOL,139.0,13397237000.0,Consumer Discretionary,Homebuilding,Strong Buy,6,,Buy,1.82353,16.0,3.8
RL,RL,296.92999267578125,18029321918.28003,Consumer Discretionary,"Apparel, Accessories & Luxury Goods",Strong Buy,6,,Buy,1.66667,16.0,3.8
TER,TER,118.23999786376953,18808909420.181274,Information Technology,Semiconductor Materials & Equipment,Strong Buy,4,,Buy,1.94118,16.0,3.8
DD,DD,76.91999816894531,32207710257.94629,Materials,Specialty Chemicals,Buy,2,,Strong Buy,1.41176,16.0,3.8
CHRD,CHRD,109.88999938964844,6292092574.052429,Energy,Oil & Gas Exploration & Production,Buy,2,,Strong Buy,1.53333,15.0,3.75
RVMD,RVMD,37.970001220703125,7097845934.4296875,Health Care,Biotechnology,Buy,2,,Strong Buy,1.3125,15.0,3.75
FR,FR,52.599998474121094,7206251970.153076,Real Estate,REIT - Industrial,Strong Buy,4,,Buy,2.11765,15.0,3.75
SNDK,SNDK,52.470001220703125,7650440997.98584,Information Technology,"Technology Hardware, Storage & Peripherals",Strong Buy,5,,Buy,1.875,15.0,3.75
CG,CG,64.55999755859375,23351673400.45117,Financials,Asset Management,Strong Buy,4,,Buy,2.25,15.0,3.75
OMF,OMF,61.86000061035156,7353298272.55249,Financials,Credit Services,Strong Buy,6,,Buy,1.8125,14.0,3.7
DINO,DINO,50.880001068115234,9518681072.784058,Energy,Oil & Gas Refining & Marketing,Strong Buy,6,,Buy,2.2,14.0,3.7
WLK,WLK,87.81999969482422,11262563680.862427,Materials,Specialty Chemicals,Strong Buy,4,,Buy,2.0,14.0,3.7
OHI,OHI,42.56999969482422,12907648926.347656,Real Estate,REIT - Healthcare Facilities,Strong Buy,6,,Buy,2.25,14.0,3.7
STT,STT,114.97000122070312,32616415416.067383,Financials,Asset Management & Custody Banks,Strong Buy,4,,Buy,2.13333,14.0,3.7
BYD,BYD,85.86000061035156,6964799772.070557,Consumer Discretionary,Casinos & Gaming,Strong Buy,4,,Buy,2.125,13.0,3.65
DTM,DTM,104.18000030517578,10583958771.003723,Energy,Oil & Gas Midstream,Strong Buy,4,,Buy,2.35714,13.0,3.65
PHM,PHM,132.02000427246094,26047282802.947998,Consumer Discretionary,Homebuilding,Strong Buy,4,,Buy,2.0,13.0,3.65
NUE,NUE,148.72999572753906,34384442712.10254,Materials,Steel,Strong Buy,6,,Buy,1.73333,13.0,3.65
BK,BK,105.5999984741211,74473451058.2876,Financials,Asset Management & Custody Banks,Strong Buy,6,,Buy,2.26667,13.0,3.65
TNL,TNL,63.209999084472656,4109117694.4839478,Consumer Discretionary,"Hotels, Resorts & Cruise Lines",Strong Buy,6,,Buy,1.66667,12.0,3.6
LEA,LEA,110.0,5852671000.0,Consumer Discretionary,Automotive Parts & Equipment,Strong Buy,4,,Buy,2.4,12.0,3.6
CCCS,CCCS,9.899999618530273,6447424013.965942,Information Technology,Software - Application,Strong Buy,4,,Buy,1.76923,12.0,3.6
AES,AES,13.539999961853027,9641156756.197449,Utilities,Independent Power Producers & Energy Traders,Strong Buy,4,BUY,Buy,2.35714,12.0,3.6
AGNC,AGNC,9.760000228881836,10198516883.005493,Financials,REIT - Mortgage,Strong Buy,6,,Buy,2.06667,12.0,3.6
DAY,DAY,69.7699966430664,11009774682.112549,Industrials,Human Resource & Employment Services,Strong Buy,4,,Buy,2.46667,12.0,3.6
ARE,ARE,82.44000244140625,14074238997.279297,Real Estate,Office REITs,Strong Buy,4,,Buy,2.41667,12.0,3.6
SRE,SRE,82.55999755859375,53868086727.05078,Utilities,Multi-Utilities,Strong Buy,4,,Buy,2.13333,12.0,3.6
CLF,CLF,10.75,5317971336.0,Materials,Steel,Strong Buy,6,,Buy,2.41667,11.0,3.55
GTES,GTES,25.559999465942383,6583846902.435303,Industrials,Specialty Industrial Machinery,Strong Buy,4,,Buy,1.63636,11.0,3.55
VOYA,VOYA,75.08999633789062,7240012248.907471,Financials,Multi-Sector Holdings,Strong Buy,4,,Buy,2.41667,11.0,3.55
LW,LW,57.529998779296875,8017093440.128906,Consumer Staples,Packaged Foods & Meats,Strong Buy,4,,Buy,2.36364,11.0,3.55
AA,AA,32.189998626708984,8334473751.954346,Materials,Aluminum,Strong Buy,4,,Buy,2.08333,11.0,3.55
WCC,WCC,219.83999633789062,10973928969.195557,Industrials,Industrial Distribution,Strong Buy,4,,Buy,1.75,11.0,3.55
GL,GL,139.9499969482422,11336440137.596924,Financials,Life & Health Insurance,Strong Buy,4,,Buy,1.72727,11.0,3.55
NLY,NLY,21.190000534057617,13605591460.985596,Financials,REIT - Mortgage,Strong Buy,4,,Buy,2.0,11.0,3.55
WST,WST,246.9499969482422,17757506527.756348,Health Care,Health Care Supplies,Buy,2,,Strong Buy,1.46154,11.0,3.55
RJF,RJF,169.44000244140625,33783625446.777344,Financials,Investment Banking & Brokerage,Strong Buy,6,,Buy,2.46154,11.0,3.55
IDXX,IDXX,647.0900268554688,51770246059.92383,Health Care,Health Care Equipment,Strong Buy,4,,Buy,2.23077,11.0,3.55
RITM,RITM,12.380000114440918,6565015020.687103,Financials,REIT - Mortgage,Buy,2,,Strong Buy,1.36364,10.0,3.5
DRS,DRS,41.65999984741211,11086725799.3927,Industrials,Aerospace & Defense,Buy,2,,Strong Buy,1.5,10.0,3.5
NDSN,NDSN,225.08999633789062,12646974061.239624,Industrials,Industrial Machinery & Supplies & Components,Strong Buy,4,,Buy,2.0,10.0,3.5
TEM,TEM,75.86000061035156,13102007678.535645,Health Care,Health Information Services,Strong Buy,4,,Buy,2.16667,10.0,3.5
RKLB,RKLB,48.599998474121094,23445270675.09619,Industrials,Aerospace & Defense,Strong Buy,6,,Buy,1.84615,10.0,3.5
ASH,ASH,56.150001525878906,2566391969.7418213,Materials,Diversified Chemicals,Strong Buy,4,,Buy,1.81818,9.0,3.45
HOG,HOG,29.1200008392334,3539623462.0113373,Consumer Discretionary,Motorcycle Manufacturers,Strong Buy,4,,Buy,2.28571,9.0,3.45
NXST,NXST,204.52999877929688,6200490536.993408,Communication Services,Broadcasting,Buy,2,,Strong Buy,1.55556,9.0,3.45
HALO,HALO,73.1500015258789,8556063078.475952,Health Care,Biotechnology,Strong Buy,4,,Buy,2.22222,9.0,3.45
ATI,ATI,77.54000091552734,10687493406.188965,Industrials,Aerospace & Defense,Buy,3,,Strong Buy,1.54545,9.0,3.45
JLL,JLL,305.57000732421875,14478273631.030273,Real Estate,Real Estate Services,Strong Buy,4,,Buy,1.81818,9.0,3.45
BG,BG,84.22000122070312,16931252165.405273,Consumer Staples,Agricultural Products & Services,Strong Buy,4,,Buy,1.77778,9.0,3.45
GPC,GPC,139.3300018310547,19379688614.68506,Consumer Discretionary,Automotive Parts & Equipment,Strong Buy,4,,Buy,2.41667,9.0,3.45
PKG,PKG,217.9600067138672,19611779852.105713,Materials,Paper & Plastic Packaging Products & Materials,Strong Buy,4,,Buy,2.4,9.0,3.45
BPOP,BPOP,125.63999938964844,8491102950.750732,Financials,Banks - Regional,Strong Buy,6,,Buy,1.875,8.0,3.4
CPRT,CPRT,48.810001373291016,47196147487.88452,Industrials,Diversified Support Services,Strong Buy,4,,Buy,2.36364,8.0,3.4
THG,THG,173.47999572753906,6205448839.172363,Financials,Property & Casualty Insurance,Strong Buy,6,,Buy,2.0,7.0,3.35
AMG,AMG,224.82000732421875,6461461902.502441,Financials,Asset Management & Custody Banks,Strong Buy,4,BUY,Buy,1.71429,7.0,3.35
STWD,STWD,20.270000457763672,7636499864.617432,Financials,REIT - Mortgage,Strong Buy,4,,Buy,2.125,7.0,3.35
RGLD,RGLD,179.5800018310547,11821949058.540344,Materials,Precious Metals & Minerals,Strong Buy,6,,Buy,1.71429,7.0,3.35
FLEX,FLEX,53.619998931884766,20477853361.039307,Information Technology,Electronic Manufacturing Services,Strong Buy,4,,Buy,1.66667,7.0,3.35
CNXC,CNXC,52.7599983215332,3325204170.2144623,Information Technology,Data Processing & Outsourced Services,Strong Buy,4,,Buy,2.0,6.0,3.3
DORM,DORM,161.7899932861328,4940128012.997437,Consumer Cyclical,Auto Parts,Strong Buy,4,,Buy,1.66667,6.0,3.3
AIZ,AIZ,215.61000061035156,11034919831.237793,Financials,Multi-line Insurance,Buy,2,,Strong Buy,1.57143,6.0,3.3
AU,AU,56.65999984741211,28598794962.982178,Materials,Gold,Strong Buy,4,,Buy,2.33333,6.0,3.3
ADTN,ADTN,9.380000114440918,750889645.1612473,Technology,Communication Equipment,Strong Buy,4,,Buy,1.875,5.0,3.25
EVR,EVR,321.54998779296875,12557845378.26538,Financials,Investment Banking & Brokerage,Strong Buy,4,,Buy,1.66667,5.0,3.25
HHH,HHH,76.2699966430664,4530529324.594116,Real Estate,Real Estate - Development,Strong Buy,4,,Buy,1.75,4.0,3.2
LOPE,LOPE,201.57000732421875,5661537109.716797,Consumer Discretionary,Education Services,Buy,2,,Strong Buy,1.33333,3.0,3.15
RARE,RARE,29.959999084472656,2887293047.769165,Health Care,Biotechnology,Neutral,1,,Strong Buy,1.38095,20.0,3.0
BILL,BILL,46.41999816894531,4717617993.911743,Information Technology,Software - Application,Buy,2,,Buy,2.125,21.0,3.0
NOV,NOV,13.289999961853027,4935440729.51355,Energy,Oil & Gas Equipment & Services,Buy,2,,Buy,2.47826,21.0,3.0
S,S,18.860000610351562,6291809665.376953,Information Technology,Software - Infrastructure,Buy,2,,Buy,1.8,32.0,3.0
LYFT,LYFT,16.219999313354492,6592488701.3984375,Industrials,Passenger Ground Transportation,Strong Buy,4,,Hold,2.52273,36.0,3.0
IONS,IONS,42.63999938964844,6796432483.835449,Health Care,Biotechnology,Buy,3,,Buy,1.96296,26.0,3.0
FOUR,FOUR,90.43000030517578,8094099951.315308,Information Technology,Software - Infrastructure,Neutral,1,,Strong Buy,1.54545,21.0,3.0
APA,APA,23.219999313354492,8307790302.807861,Energy,Oil & Gas Exploration & Production,Strong Buy,4,,Hold,2.96552,28.0,3.0
QRVO,QRVO,90.69999694824219,8403745090.041504,Information Technology,Semiconductors,Strong Buy,4,,Hold,2.73077,21.0,3.0
ZION,ZION,58.0099983215332,8563667992.218018,Financials,Regional Banks,Strong Buy,4,,Hold,2.73913,21.0,3.0
EXAS,EXAS,47.41999816894531,8977507012.706543,Health Care,Diagnostics & Research,Neutral,1,,Strong Buy,1.375,23.0,3.0
CMA,CMA,70.58000183105469,9071294735.336304,Financials,Diversified Banks,Strong Buy,6,,Hold,3.18182,20.0,3.0
W,W,74.5999984741211,9672710402.153015,Consumer Discretionary,Internet Retail,Buy,2,,Buy,2.09375,29.0,3.0
ALB,ALB,84.91999816894531,9993640144.515991,Materials,Specialty Chemicals,Strong Buy,4,,Hold,2.64,22.0,3.0
BMRN,BMRN,58.27000045776367,11188714604.057495,Health Care,Biotechnology,Neutral,-1,,Strong Buy,1.59259,26.0,3.0
AKAM,AKAM,79.12999725341797,11346133786.178589,Information Technology,Internet Services & Infrastructure,Buy,2,,Buy,2.375,22.0,3.0
CPT,CPT,111.9800033569336,11965399298.698425,Real Estate,Multi-Family Residential REITs,Buy,2,,Buy,2.29167,22.0,3.0
GLPI,GLPI,48.0099983215332,13587213604.980469,Real Estate,REIT - Specialty,Buy,2,,Buy,2.08696,22.0,3.0
UDR,UDR,39.56999969482422,14716557726.501465,Real Estate,Multi-Family Residential REITs,Buy,2,,Buy,2.38095,21.0,3.0
AMH,AMH,35.81999969482422,14948975392.63916,Real Estate,REIT - Residential,Buy,2,,Buy,2.04545,20.0,3.0
XPO,XPO,129.6999969482422,15273731040.618896,Industrials,Cargo Ground Transportation,Neutral,1,,Strong Buy,1.5,24.0,3.0
DT,DT,50.599998474121094,15343639127.70166,Information Technology,Software - Application,Neutral,1,,Strong Buy,1.58333,32.0,3.0
BBY,BBY,73.63999938964844,15563593540.124023,Consumer Discretionary,Computer & Electronics Retail,Buy,2,,Buy,2.39286,21.0,3.0
RIVN,RIVN,13.569999694824219,16466244946.810547,Consumer Discretionary,Auto Manufacturers,Strong Buy,4,,Hold,2.65385,24.0,3.0
INCY,INCY,84.61000061035156,16522302479.187012,Health Care,Biotechnology,Buy,2,,Buy,2.34615,23.0,3.0
MAA,MAA,145.82000732421875,17298627468.87207,Real Estate,Multi-Family Residential REITs,Buy,2,,Buy,2.36,24.0,3.0
CTRA,CTRA,24.440000534057617,18651141225.480713,Energy,Oil & Gas Exploration & Production,Buy,2,,Buy,1.68,25.0,3.0
HAL,HAL,22.729999542236328,19379642706.029785,Energy,Oil & Gas Equipment & Services,Buy,2,,Buy,1.88462,24.0,3.0
ZG,ZG,81.4800033569336,20266603366.813477,Real Estate,Internet Content & Information,Buy,2,,Buy,2.26923,23.0,3.0
FSLR,FSLR,195.19000244140625,20933737381.835938,Information Technology,Semiconductors,Neutral,1,,Strong Buy,1.58824,30.0,3.0
EXE,EXE,96.77999877929688,23047769589.294434,Energy,Oil & Gas Exploration & Production,Neutral,1,,Strong Buy,1.38462,26.0,3.0
ZM,ZM,81.41999816894531,24368109180.62549,Information Technology,Application Software,Buy,2,,Buy,2.25,27.0,3.0
HUBS,HUBS,483.1700134277344,25459725834.54895,Information Technology,Software - Application,Neutral,1,,Strong Buy,1.41667,33.0,3.0
EQR,EQR,66.12000274658203,25695688765.302246,Real Estate,Multi-Family Residential REITs,Buy,2,,Buy,2.25,20.0,3.0
HBAN,HBAN,17.809999465942383,25983185465.978027,Financials,Regional Banks,Buy,2,,Buy,1.71429,20.0,3.0
TOST,TOST,45.099998474121094,26293299110.412598,Information Technology,Transaction & Payment Processing Services,Buy,3,,Buy,2.11111,24.0,3.0
AVB,AVB,195.85000610351562,27885712985.836914,Real Estate,Multi-Family Residential REITs,Buy,2,,Buy,2.43478,20.0,3.0
DXCM,DXCM,75.33999633789062,29544956866.60547,Health Care,Health Care Equipment,Sell,-2,,Strong Buy,1.40741,25.0,3.0
EXR,EXR,143.5800018310547,31817470837.123535,Real Estate,Self-Storage REITs,Buy,2,,Buy,2.35,20.0,3.0
HSY,HSY,183.75,37250535000.0,Consumer Staples,Packaged Foods & Meats,Strong Buy,4,,Hold,3.08333,22.0,3.0
VMC,VMC,291.1600036621094,38469224323.85254,Materials,Construction Materials,Buy,2,,Buy,1.61905,21.0,3.0
ROK,ROK,343.42999267578125,38613207796.50879,Industrials,Electrical Components & Equipment,Buy,3,,Buy,2.14815,24.0,3.0
EA,EA,171.9499969482422,43023094262.02881,Communication Services,Interactive Home Entertainment,Buy,2,,Buy,2.14815,24.0,3.0
ZS,ZS,277.04998779296875,43135574899.41406,Information Technology,Application Software,Buy,3,,Buy,1.75,43.0,3.0
F,F,11.770000457763672,46842953645.19531,Consumer Discretionary,Automobile Manufacturers,Strong Buy,4,,Hold,3.04167,22.0,3.0
OXY,OXY,47.61000061035156,46869189000.85449,Energy,Oil & Gas Exploration & Production,Strong Buy,4,,Hold,2.83333,23.0,3.0
VRT,VRT,127.55000305175781,48707138035.765625,Industrials,Electrical Equipment & Parts,Neutral,0,,Strong Buy,1.58333,23.0,3.0
CMG,CMG,42.13999938964844,56504682381.5918,Consumer Discretionary,Restaurants,Strong Sell,-4,,Strong Buy,1.58824,31.0,3.0
ALNY,ALNY,446.510009765625,58528085570.06836,Health Care,Biotechnology,Buy,2,,Buy,1.8125,28.0,3.0
HWM,HWM,174.10000610351562,70184241846.08594,Industrials,Aerospace & Defense,Neutral,0,,Strong Buy,1.43478,20.0,3.0
WMB,WMB,57.880001068115234,70681901556.521,Energy,Oil & Gas Storage & Transportation,Buy,3,,Buy,2.0,20.0,3.0
MAR,MAR,267.8599853515625,72712731617.80469,Consumer Discretionary,"Hotels, Resorts & Cruise Lines",Buy,3,,Buy,2.42308,24.0,3.0
FI,FI,138.17999267578125,75113680074.92578,Financials,Transaction & Payment Processing Services,Neutral,0,,Strong Buy,1.57576,31.0,3.0
TDG,TDG,1398.8800048828125,78827307939.14795,Industrials,Aerospace & Defense,Sell,-2,,Strong Buy,1.57143,20.0,3.0
NOC,NOC,590.0399780273438,84483698894.20898,Industrials,Aerospace & Defense,Buy,2,,Buy,2.22727,20.0,3.0
INTC,INTC,24.350000381469727,106579463890.48535,Information Technology,Semiconductors,Strong Buy,4,,Hold,3.04545,35.0,3.0
SNPS,SNPS,603.52001953125,111677758494.14062,Information Technology,Application Software,Neutral,1,,Strong Buy,1.36364,22.0,3.0
NKE,NKE,77.37000274658203,114267754580.58691,Consumer Discretionary,"Apparel, Accessories & Luxury Goods",Buy,2,,Buy,2.17949,34.0,3.0
BSX,BSX,105.5,156324626688.0,Health Care,Health Care Equipment,Neutral,1,,Strong Buy,1.36364,31.0,3.0
SPGI,SPGI,548.4400024414062,167438732745.36133,Financials,Financial Exchanges & Data,Neutral,-1,,Strong Buy,1.375,21.0,3.0
VZ,VZ,44.22999954223633,186487831669.92188,Communication Services,Integrated Telecommunication Services,Buy,2,,Buy,2.26923,23.0,3.0
NOW,NOW,917.4600219726562,190390393639.42383,Information Technology,Systems Software,Neutral,1,,Strong Buy,1.43478,41.0,3.0
UBER,UBER,93.75,195508128000.0,Industrials,Passenger Ground Transportation,Buy,3,,Buy,1.61111,49.0,3.0
MTCH,MTCH,37.34000015258789,8984825516.716003,Communication Services,Interactive Media & Services,Buy,2,,Buy,2.36364,19.0,2.95
MOS,MOS,33.400001525878906,10600425149.880371,Materials,Fertilizers & Agricultural Chemicals,Buy,3,,Buy,2.0,19.0,2.95
H,H,144.27999877929688,13776575683.441162,Consumer Discretionary,Lodging,Buy,3,,Buy,2.1,19.0,2.95
IQV,IQV,190.80999755859375,32449722141.28711,Health Care,Life Sciences Tools & Services,Buy,2,,Buy,1.72727,19.0,2.95
KHC,KHC,27.969999313354492,33105291187.286377,Consumer Staples,Packaged Foods & Meats,Strong Buy,4,,Hold,2.95238,19.0,2.95
FICO,FICO,1521.6400146484375,36524990419.6167,Information Technology,Application Software,Buy,2,,Buy,1.84211,19.0,2.95
FERG,FERG,231.14999389648438,46388567675.10986,Industrials,Industrial Machinery & Supplies & Components,Buy,2,,Buy,1.95455,19.0,2.95
PSA,PSA,294.5899963378906,51686696270.75195,Real Estate,Self-Storage REITs,Buy,2,,Buy,2.0,19.0,2.95
O,O,58.7599983215332,53724618085.20776,Real Estate,Retail REITs,Strong Buy,4,,Hold,2.52174,19.0,2.95
KMI,KMI,26.979999542236328,60018354959.921875,Energy,Oil & Gas Storage & Transportation,Buy,3,,Buy,1.95,19.0,2.95
FCX,FCX,44.400001525878906,63748189480.41113,Materials,Copper,Buy,2,,Buy,2.1,19.0,2.95
VKTX,VKTX,27.049999237060547,3246757308.4259033,Health Care,Biotechnology,Sell,-2,,Strong Buy,1.55556,18.0,2.9
AXTA,AXTA,31.260000228881836,6770103289.569855,Materials,Specialty Chemicals,Buy,2,,Buy,1.94737,18.0,2.9
EGP,EGP,169.55999755859375,9066474805.456543,Real Estate,REIT - Industrial,Buy,2,,Buy,1.84211,18.0,2.9
CUBE,CUBE,40.91999816894531,9380091180.267334,Real Estate,REIT - Industrial,Buy,2,,Buy,2.33333,18.0,2.9
MGM,MGM,39.689998626708984,10803260733.722534,Consumer Discretionary,Casinos & Gaming,Buy,2,,Buy,1.90909,18.0,2.9
SAIL,SAIL,20.639999389648438,11487996455.16504,Information Technology,Application Software,Buy,2,,Buy,1.88889,18.0,2.9
BXP,BXP,72.51000213623047,12671486003.396973,Real Estate,Office REITs,Buy,2,,Buy,2.2381,18.0,2.9
SOFI,SOFI,25.540000915527344,30582873687.658203,Financials,Credit Services,Strong Buy,4,,Hold,2.81818,18.0,2.9
MPC,MPC,179.7100067138672,54635436241.1499,Energy,Oil & Gas Refining & Marketing,Buy,2,,Buy,2.26316,18.0,2.9
RNG,RNG,30.510000228881836,2762457919.7635803,Information Technology,Software - Application,Strong Buy,4,,Hold,2.5,17.0,2.85
CZR,CZR,26.770000457763672,5567945935.211182,Consumer Discretionary,Casinos & Gaming,Neutral,1,,Strong Buy,1.52941,17.0,2.85
GXO,GXO,52.650001525878906,6027003624.671936,Industrials,Air Freight & Logistics,Neutral,1,,Strong Buy,1.58824,17.0,2.85
NNN,NNN,42.90999984741211,8100635591.194153,Real Estate,Retail REITs,Strong Buy,4,,Hold,2.94444,17.0,2.85
PCOR,PCOR,69.51000213623047,10439915194.766846,Information Technology,Software - Application,Buy,2,,Buy,1.85714,17.0,2.85
ALLY,ALLY,41.04999923706055,12638597243.503906,Financials,Credit Services,Buy,2,,Buy,2.2,17.0,2.85
SUI,SUI,126.87000274658203,16372700724.449158,Real Estate,REIT - Residential,Buy,3,,Buy,2.23529,17.0,2.85
ITW,ITW,264.6499938964844,77145473220.8252,Industrials,Industrial Machinery & Supplies & Components,Strong Buy,4,,Hold,3.26316,17.0,2.85
MMM,MMM,155.52999877929688,82839945738.29688,Industrials,Industrial Conglomerates,Buy,3,BUY,Buy,2.11111,17.0,2.85
EPAM,EPAM,176.36000061035156,9822705317.99469,Information Technology,IT Consulting & Other Services,Buy,2,,Buy,1.70588,16.0,2.8
REXR,REXR,41.40999984741211,10139404102.638245,Real Estate,REIT - Industrial,Buy,2,,Buy,2.4375,16.0,2.8
UHS,UHS,181.5800018310547,11555515262.52594,Health Care,Health Care Facilities,Buy,2,,Buy,2.26316,16.0,2.8
DOC,DOC,17.940000534057617,12494851571.96045,Real Estate,Health Care REITs,Buy,2,,Buy,1.89474,16.0,2.8
DGX,DGX,181.63999938964844,20311529651.748657,Health Care,Health Care Services,Buy,2,,Buy,2.16667,16.0,2.8
AME,AME,184.8000030517578,43126037512.17651,Industrials,Electrical Components & Equipment,Buy,3,,Buy,1.82353,16.0,2.8
CPNG,CPNG,28.579999923706055,52194224403.38818,Consumer Discretionary,Internet Retail,Buy,3,,Buy,1.6875,16.0,2.8
CIVI,CIVI,36.779998779296875,3408034686.8896484,Energy,Oil & Gas Exploration & Production,Buy,2,,Buy,2.25,15.0,2.75
BC,BC,63.59000015258789,4154385581.968689,Consumer Discretionary,Leisure Products,Buy,2,,Buy,2.16667,15.0,2.75
KRC,KRC,41.59000015258789,4967717568.225861,Real Estate,REIT - Office,Strong Buy,6,,Hold,3.0,15.0,2.75
WH,WH,86.61000061035156,6613210528.604126,Consumer Discretionary,"Hotels, Resorts & Cruise Lines",Sell,-3,,Strong Buy,1.46667,15.0,2.75
BWA,BWA,42.7599983215332,9252963974.711548,Consumer Discretionary,Automotive Parts & Equipment,Buy,2,,Buy,2.11765,15.0,2.75
EXPD,EXPD,120.54000091552734,16359569348.574463,Industrials,Air Freight & Logistics,Strong Buy,4,,Sell,3.64706,15.0,2.75
USFD,USFD,77.5999984741211,17473346856.414795,Consumer Staples,Food Distribution,Sell,-2,,Strong Buy,1.4375,15.0,2.75
HPQ,HPQ,28.540000915527344,26676396392.385254,Information Technology,"Technology Hardware, Storage & Peripherals",Strong Buy,4,,Hold,2.8125,15.0,2.75
SYY,SYY,80.47000122070312,38481720223.75488,Consumer Staples,Food Distributors,Buy,3,,Buy,1.94118,15.0,2.75
ZTS,ZTS,156.39999389648438,69313819746.22559,Health Care,Pharmaceuticals,Buy,2,,Buy,1.83333,15.0,2.75
PVH,PVH,84.31999969482422,4053523777.329254,Consumer Discretionary,"Apparel, Accessories & Luxury Goods",Buy,2,,Buy,2.0,14.0,2.7
SEE,SEE,32.470001220703125,4776175089.319336,Materials,Paper & Plastic Packaging Products & Materials,Buy,2,,Buy,1.8125,14.0,2.7
BRBR,BRBR,41.04999923706055,5171437853.885651,Consumer Staples,Packaged Foods & Meats,Neutral,0,,Strong Buy,1.46667,14.0,2.7
OSK,OSK,139.3699951171875,8919721498.498535,Industrials,Construction Machinery & Heavy Transportation Equipment,Buy,2,,Buy,1.93333,14.0,2.7
MTSI,MTSI,128.14999389648438,9970953247.504395,Information Technology,Semiconductors,Buy,3,,Buy,1.73333,14.0,2.7
GWRE,GWRE,217.02000427246094,18272042663.720703,Information Technology,Software - Application,Buy,3,,Buy,2.2,14.0,2.7
EIX,EIX,56.130001068115234,21600731932.96704,Utilities,Electric Utilities,Buy,2,,Buy,1.8125,14.0,2.7
NTAP,NTAP,112.79000091552734,22569167295.516113,Information Technology,"Technology Hardware, Storage & Peripherals",Strong Buy,4,,Hold,2.5,14.0,2.7
PCG,PCG,15.279999732971191,33582992657.273438,Utilities,Utilities - Regulated Electric,Buy,2,,Buy,1.9375,14.0,2.7
MET,MET,81.36000061035156,54106514464.13965,Financials,Life & Health Insurance,Buy,2,,Buy,1.875,14.0,2.7
AXON,AXON,747.2899780273438,58665551351.049805,Industrials,Aerospace & Defense,Neutral,0,,Strong Buy,1.55556,14.0,2.7
MCK,MCK,686.6400146484375,85407031582.03125,Health Care,Health Care Distributors,Buy,3,,Buy,1.625,14.0,2.7
SNV,SNV,51.61000061035156,7163674524.719238,Financials,Regional Banks,Buy,2,,Buy,2.07143,13.0,2.65
TECH,TECH,54.630001068115234,8497696666.145325,Health Care,Life Sciences Tools & Services,Neutral,1,,Strong Buy,1.5625,13.0,2.65
CASY,CASY,494.5199890136719,18386747711.517334,Consumer Staples,Food Retail,Sell,-2,,Strong Buy,1.53333,13.0,2.65
STLD,STLD,130.9199981689453,19272077283.09961,Materials,Steel,Neutral,1,,Strong Buy,1.46154,13.0,2.65
NVST,NVST,21.18000030517578,3519734810.7147217,Health Care,Health Care Supplies,Strong Buy,4,,Hold,2.57143,12.0,2.6
CUZ,CUZ,29.489999771118164,4954113295.629456,Real Estate,Office REITs,Buy,2,,Buy,1.83333,12.0,2.6
DAR,DAR,33.959999084472656,5371996415.176392,Consumer Staples,Packaged Foods,Neutral,1,,Strong Buy,1.58333,12.0,2.6
THO,THO,109.5999984741211,5793850479.336548,Consumer Discretionary,Leisure Products,Strong Buy,4,,Hold,2.66667,12.0,2.6
ALGM,ALGM,30.850000381469727,5923138373.241425,Information Technology,Semiconductors,Sell,-2,,Strong Buy,1.33333,12.0,2.6
NI,NI,42.27000045776367,19903041403.700317,Utilities,Multi-Utilities,Neutral,-1,,Strong Buy,1.5,12.0,2.6
NTRS,NTRS,131.27999877929688,25029974797.01953,Financials,Asset Management & Custody Banks,Strong Buy,4,,Hold,3.14286,12.0,2.6
FE,FE,43.619998931884766,25186363259.105957,Utilities,Electric Utilities,Buy,2,,Buy,2.26667,12.0,2.6
IP,IP,49.68000030517578,26230146716.007324,Materials,Paper & Plastic Packaging Products & Materials,Buy,2,,Buy,2.07692,12.0,2.6
LPLA,LPLA,364.4800109863281,29159893789.03125,Financials,Capital Markets,Buy,3,,Buy,2.0,12.0,2.6
GLW,GLW,67.02999877929688,57419171060.5625,Information Technology,Electronic Components,Buy,2,,Buy,1.84615,12.0,2.6
MSTR,MSTR,334.4100036621094,94822957093.12207,Information Technology,Application Software,Strong Sell,-4,,Strong Buy,1.58333,12.0,2.6
SLGN,SLGN,46.91999816894531,5020111364.089966,Materials,"Metal, Glass & Plastic Containers",Neutral,0,,Strong Buy,1.36364,11.0,2.55
MTN,MTN,163.8000030517578,6085563233.380127,Consumer Discretionary,Resorts & Casinos,Buy,2,,Buy,2.45455,11.0,2.55
VNT,VNT,42.90999984741211,6294896977.615356,Information Technology,Electronic Equipment & Instruments,Buy,2,,Buy,1.75,11.0,2.55
SLM,SLM,31.280000686645508,6521285572.912537,Financials,Consumer Finance,Neutral,-1,,Strong Buy,1.54545,11.0,2.55
CHDN,CHDN,103.7300033569336,7273994289.322632,Consumer Discretionary,Casinos & Gaming,Neutral,-1,,Strong Buy,1.27273,11.0,2.55
LNC,LNC,42.93000030517578,8138669457.855225,Financials,Multi-line Insurance,Strong Buy,4,,Hold,2.91667,11.0,2.55
GMED,GMED,61.27000045776367,8274941961.664185,Health Care,Health Care Equipment,Buy,2,,Buy,2.14286,11.0,2.55
ENTG,ENTG,83.73999786376953,12678235676.574707,Information Technology,Semiconductor Equipment & Materials,Neutral,-1,,Strong Buy,1.54545,11.0,2.55
WPC,WPC,67.0999984741211,14694296302.64624,Real Estate,REIT - Diversified,Strong Buy,6,,Hold,2.85714,11.0,2.55
PFGC,PFGC,101.4000015258789,15871027650.029053,Consumer Staples,Food Distributors,Buy,2,,Buy,1.64286,11.0,2.55
SMMT,SMMT,23.700000762939453,17605473897.947266,Health Care,Biotechnology,Sell,-2,,Strong Buy,1.53846,11.0,2.55
MTD,MTD,1301.0400390625,26800123764.648438,Health Care,Life Sciences Tools & Services,Buy,2,,Buy,2.30769,11.0,2.55
CBRE,CBRE,162.1199951171875,48239450433.17969,Real Estate,Real Estate Services,Buy,2,,Buy,1.83333,11.0,2.55
TKR,TKR,77.2300033569336,5378529123.786926,Industrials,Industrial Machinery & Supplies & Components,Buy,3,,Buy,2.41667,10.0,2.5
SITE,SITE,143.24000549316406,6390309069.064331,Industrials,Industrial Distribution,Buy,2,,Buy,2.18182,10.0,2.5
FLS,FLS,53.65999984741211,7156419539.649963,Industrials,Industrial Machinery & Supplies & Components,Neutral,1,,Strong Buy,1.45455,10.0,2.5
MP,MP,71.13999938964844,12598751611.907959,Materials,Diversified Metals & Mining,Buy,2,,Buy,1.6,10.0,2.5
BEN,BEN,25.65999984741211,13322543826.057129,Financials,Asset Management & Custody Banks,Strong Buy,6,,Hold,3.2,10.0,2.5
EQH,EQH,53.2599983215332,15953286857.23877,Financials,Asset Management,Neutral,1,,Strong Buy,1.54545,10.0,2.5
SN,SN,116.95999908447266,16507500350.784302,Consumer Discretionary,Household Appliances,Neutral,1,,Strong Buy,1.27273,10.0,2.5
RBA,RBA,114.54000091552734,21387367130.950928,Industrials,Specialty Business Services,Buy,2,,Buy,2.0,10.0,2.5
TDY,TDY,538.1699829101562,25233983243.68286,Industrials,Aerospace & Defense,Neutral,-1,,Strong Buy,1.4,10.0,2.5
ADM,ADM,62.63999938964844,30105910224.414062,Consumer Staples,Agricultural Products & Services,Strong Buy,4,,Hold,2.90909,10.0,2.5
HIW,HIW,31.530000686645508,3427973204.6527863,Real Estate,REIT - Office,Strong Buy,4,,Hold,2.8,9.0,2.45
CWEN.A,CWEN-A,28.190000534057617,5902056067.334045,Utilities,Utilities - Renewable,Neutral,0,,Strong Buy,1.54545,9.0,2.45
OZK,OZK,52.470001220703125,5910273407.501221,Financials,Regional Banks,Strong Buy,4,,Hold,2.55556,9.0,2.45
POST,POST,113.1500015258789,6146319397.885895,Consumer Staples,Packaged Foods & Meats,Buy,2,,Buy,1.9,9.0,2.45
GNTX,GNTX,28.010000228881836,6147886716.157043,Consumer Discretionary,Automotive Parts & Equipment,Buy,2,,Buy,2.11111,9.0,2.45
ESAB,ESAB,115.37000274658203,7002809185.713959,Industrials,Industrial Machinery & Supplies & Components,Neutral,1,,Strong Buy,1.55556,9.0,2.45
FYBR,FYBR,37.08000183105469,9294176618.95752,Communication Services,Telecom Services,Strong Buy,6,,Hold,3.08333,9.0,2.45
RGA,RGA,194.7899932861328,12874410858.255005,Financials,Reinsurance,Buy,2,,Buy,2.1,9.0,2.45
CLH,CLH,242.2100067138672,12990352406.082153,Industrials,Environmental & Facilities Services,Neutral,-1,,Strong Buy,1.4,9.0,2.45
QXO,QXO,20.1299991607666,14164896156.335815,Industrials,Industrial Distribution,Neutral,1,,Strong Buy,1.1,9.0,2.45
SSNC,SSNC,88.66000366210938,21652634045.083984,Information Technology,Software - Application,Buy,2,,Buy,1.7,9.0,2.45
WFRD,WFRD,63.70500183105469,4576248806.533813,Energy,Oil & Gas Equipment & Services,Buy,2,,Buy,1.875,8.0,2.4
HR,HR,17.3799991607666,6147636062.187195,Real Estate,REIT - Healthcare Facilities,Strong Buy,6,,Hold,3.0,8.0,2.4
IPG,IPG,26.84000015258789,9830579066.447754,Communication Services,Advertising,Buy,2,,Buy,2.22222,8.0,2.4
MSI,MSI,472.4599914550781,78713724416.38184,Information Technology,Communications Equipment,Buy,2,,Buy,1.84615,8.0,2.4
EEFT,EEFT,93.19000244140625,3820435978.088379,Financials,Transaction & Payment Processing Services,Strong Sell,-4,,Strong Buy,1.55556,7.0,2.35
MSM,MSM,90.2300033569336,5023627620.899963,Industrials,Trading Companies & Distributors,Strong Buy,4,,Hold,2.81818,7.0,2.35
KBR,KBR,50.459999084472656,6501367202.041626,Industrials,Diversified Support Services,Buy,2,,Buy,1.875,7.0,2.35
SFD,SFD,25.43000030517578,9996863506.528564,Consumer Staples,Packaged Foods & Meats,Neutral,1,,Strong Buy,1.57143,7.0,2.35
BIO,BIO,297.8800048828125,7857895800.805664,Health Care,Life Sciences Tools & Services,Buy,2,,Buy,2.16667,6.0,2.3
DOX,DOX,85.56999969482422,9412015406.433105,Information Technology,Software - Infrastructure,Strong Sell,-4,,Strong Buy,1.14286,6.0,2.3
AIT,AIT,263.5799865722656,10060030989.505005,Industrials,Trading Companies & Distributors,Neutral,-1,,Strong Buy,1.5,6.0,2.3
SF,SF,115.29000091552734,11779525263.542175,Financials,Investment Banking & Brokerage,Buy,2,,Buy,2.16667,6.0,2.3
FWONA,FWONA,90.12000274658203,24733165114.75122,Communication Services,Entertainment,Neutral,1,,Strong Buy,1.0,6.0,2.3
CHX,CHX,25.809999465942383,4940988763.5199995,Energy,Oil & Gas Equipment & Services,Neutral,-1,,Strong Buy,1.4,5.0,2.25
LAZ,LAZ,57.15999984741211,5393468969.602203,Financials,Capital Markets,Strong Buy,4,,Hold,2.71429,5.0,2.25
CWEN,CWEN,29.809999465942383,5902051745.782471,Utilities,Utilities - Renewable,Neutral,0,,Strong Buy,1.2,5.0,2.25
TTC,TTC,81.05999755859375,7999429852.829102,Industrials,Agricultural & Farm Machinery,Buy,2,,Buy,2.16667,5.0,2.25
DCI,DCI,79.66999816894531,9283148186.645508,Industrials,Industrial Machinery & Supplies & Components,Strong Buy,4,,Hold,3.125,5.0,2.25
SCI,SCI,79.25,11114020000.0,Consumer Discretionary,Specialized Consumer Services,Neutral,-1,,Strong Buy,1.2,5.0,2.25
AFG,AFG,135.86000061035156,11329976277.45996,Financials,Multi-line Insurance,Strong Buy,6,,Hold,2.66667,5.0,2.25
HLI,HLI,199.25,14009586300.0,Financials,Capital Markets,Strong Buy,4,,Hold,2.71429,5.0,2.25
KEX,KEX,97.19999694824219,5423759829.711914,Industrials,Marine Transportation,Sell,-2,,Strong Buy,1.0,4.0,2.2
LOAR,LOAR,70.66000366210938,6615365910.21582,Industrials,Aerospace & Defense,Strong Sell,-4,,Strong Buy,1.5,4.0,2.2
DNB,DNB,9.149999618530273,4082629276.8,Industrials,Financial Data & Stock Exchanges,Strong Buy,4,,Sell,3.5,3.0,2.15
VRSN,VRSN,273.3699951171875,25535108525.90332,Information Technology,Internet Services & Infrastructure,Buy,3,,Buy,2.0,3.0,2.15
UI,UI,528.1300048828125,31951178726.40381,Information Technology,Communication Equipment,Strong Buy,4,,Hold,3.0,2.0,2.1
VFC,VFC,15.130000114440918,5910035133.662567,Consumer Discretionary,"Apparel, Accessories & Luxury Goods",Buy,2,,Hold,2.65217,20.0,2.0
CFLT,CFLT,19.860000610351562,6846616050.415039,Information Technology,Software - Infrastructure,Neutral,1,,Buy,1.8,31.0,2.0
SAIA,SAIA,296.4599914550781,7896508332.397461,Industrials,Trucking,Sell,-3,,Buy,2.19048,20.0,2.0
FND,FND,81.91999816894531,8822046522.81189,Consumer Discretionary,Home Improvement Retail,Sell,-3,,Buy,2.43478,22.0,2.0
WING,WING,328.1199951171875,9162357119.65332,Consumer Discretionary,Restaurants,Neutral,1,,Buy,1.69231,22.0,2.0
AR,AR,31.920000076293945,9861077798.929565,Energy,Oil & Gas E&P,Neutral,1,,Buy,1.90476,21.0,2.0
CART,CART,43.369998931884766,11425305778.617859,Consumer Staples,Food Retail,Sell,-2,,Buy,2.06897,25.0,2.0
TXRH,TXRH,172.5500030517578,11466051232.791138,Consumer Discretionary,Restaurants,Sell,-2,,Buy,2.2963,22.0,2.0
DPZ,DPZ,458.29998779296875,15558780455.584717,Consumer Discretionary,Restaurants,Neutral,1,,Buy,1.9375,29.0,2.0
ILMN,ILMN,99.95999908447266,15823667855.072021,Health Care,Life Sciences Tools & Services,Neutral,-1,,Buy,2.45455,21.0,2.0
TWLO,TWLO,105.61000061035156,16204164833.648682,Information Technology,Software - Infrastructure,Neutral,0,,Buy,1.92857,26.0,2.0
OKTA,OKTA,92.7699966430664,16210072593.429565,Information Technology,Application Software,Neutral,1,,Buy,1.97778,41.0,2.0
DKS,DKS,212.8000030517578,17044578855.635742,Consumer Discretionary,Other Specialty Retail,Sell,-2,,Buy,2.26923,20.0,2.0
LUV,LUV,32.900001525878906,17278686001.37329,Industrials,Passenger Airlines,Buy,2,,Hold,2.95455,20.0,2.0
ESS,ESS,270.2099914550781,18504142340.838623,Real Estate,Multi-Family Residential REITs,Buy,2,,Hold,2.65385,24.0,2.0
INVH,INVH,31.290000915527344,19181020881.225586,Real Estate,Single-Family Residential REITs,Neutral,1,,Buy,2.20833,22.0,2.0
BIIB,BIIB,132.22000122070312,19385436536.7334,Health Care,Biotechnology,Sell,-3,,Buy,2.26471,28.0,2.0
ZBH,ZBH,106.0999984741211,21017985297.729492,Health Care,Health Care Equipment,Buy,2,,Hold,2.5,24.0,2.0
ULTA,ULTA,492.7300109863281,22093225324.609375,Consumer Discretionary,Other Specialty Retail,Sell,-2,,Buy,2.22222,22.0,2.0
DLTR,DLTR,109.16999816894531,23478318146.209717,Consumer Staples,Consumer Staples Merchandise Retail,Neutral,0,,Buy,2.22222,23.0,2.0
DG,DG,108.76000213623047,24588026242.95044,Consumer Staples,Consumer Staples Merchandise Retail,Neutral,0,,Buy,2.43333,27.0,2.0
PPG,PPG,111.2300033569336,25104611757.659912,Materials,Specialty Chemicals,Neutral,-1,,Buy,2.25,20.0,2.0
TTD,TTD,54.65999984741211,26725624742.673218,Communication Services,Advertising,Sell,-2,,Buy,2.15385,33.0,2.0
STZ,STZ,161.94000244140625,28553421874.95117,Consumer Staples,Distillers & Vintners,Strong Sell,-4,,Buy,1.88,23.0,2.0
QSR,QSR,63.33000183105469,28762650768.251953,Consumer Discretionary,Restaurants,Sell,-2,,Buy,1.90625,28.0,2.0
WBD,WBD,11.640000343322754,28817964953.668213,Communication Services,Broadcasting,Neutral,-1,,Buy,2.04167,21.0,2.0
EFX,EFX,246.3000030517578,30343421475.967407,Industrials,Research & Consulting Services,Neutral,-1,,Buy,1.91304,20.0,2.0
EQT,EQT,51.84000015258789,32675944830.89966,Energy,Oil & Gas Exploration & Production,Neutral,1,,Buy,1.72,25.0,2.0
EL,EL,91.7300033569336,33012618444.283447,Consumer Staples,Personal Care Products,Buy,3,,Hold,2.57692,23.0,2.0
GEHC,GEHC,73.7300033569336,33662316612.96826,Health Care,Health Care Equipment,Neutral,-1,,Buy,1.61905,20.0,2.0
MCHP,MCHP,65.0,35079200000.0,Information Technology,Semiconductors,Sell,-2,,Buy,1.68,24.0,2.0
CTSH,CTSH,72.25,35286611000.0,Information Technology,IT Consulting & Other Services,Neutral,1,,Buy,2.48,22.0,2.0
CHTR,CHTR,265.5799865722656,36275838070.53223,Communication Services,Cable & Satellite,Sell,-2,,Buy,2.36364,20.0,2.0
YUM,YUM,146.97000122070312,40789466258.78906,Consumer Discretionary,Restaurants,Neutral,-1,,Buy,2.42857,23.0,2.0
VEEV,VEEV,269.20001220703125,43990512394.77539,Health Care,Health Information Services,Strong Sell,-4,,Buy,2.09677,29.0,2.0
KR,KR,67.83999633789062,44852818447.89453,Consumer Staples,Food Retail,Strong Sell,-4,,Buy,2.24,22.0,2.0
MRVL,MRVL,62.869998931884766,54206513079.071045,Information Technology,Semiconductors,Strong Sell,-4,,Buy,1.65854,38.0,2.0
FDX,FDX,231.07000732421875,54520506088.134766,Industrials,Air Freight & Logistics,Neutral,-1,,Buy,1.86667,29.0,2.0
CARR,CARR,65.19999694824219,55486695438.083984,Industrials,Building Products,Sell,-2,,Buy,2.0,22.0,2.0
PWR,PWR,377.9599914550781,56318306486.75537,Industrials,Construction & Engineering,Strong Sell,-4,,Buy,1.93103,24.0,2.0
DLR,DLR,167.63999938964844,58548100805.71533,Real Estate,Data Center REITs,Neutral,1,,Buy,1.75862,25.0,2.0
CSX,CSX,32.5099983215332,60607741751.50781,Industrials,Rail Transportation,Neutral,0,,Buy,1.85185,25.0,2.0
MNST,MNST,62.40999984741211,60938873328.12891,Consumer Staples,Soft Drinks & Non-alcoholic Beverages,Neutral,-1,,Buy,2.16,23.0,2.0
REGN,REGN,580.7000122070312,61546652193.78662,Health Care,Biotechnology,Neutral,1,,Buy,1.8,23.0,2.0
WDAY,WDAY,230.82000732421875,61628941955.56641,Information Technology,Application Software,Neutral,1,,Buy,1.775,35.0,2.0
APD,APD,294.1099853515625,65455353679.93164,Materials,Industrial Gases,Neutral,1,,Buy,2.04167,22.0,2.0
PYPL,PYPL,70.19000244140625,67057983029.42578,Financials,Transaction & Payment Processing Services,Neutral,1,,Buy,2.33333,32.0,2.0
EOG,EOG,124.81999969482422,68150849089.05615,Energy,Oil & Gas Exploration & Production,Neutral,0,,Buy,2.125,29.0,2.0
RSG,RSG,233.97000122070312,73049177901.12305,Industrials,Environmental & Facilities Services,Neutral,1,,Buy,1.95455,20.0,2.0
UPS,UPS,87.44000244140625,74111521470.22266,Industrials,Air Freight & Logistics,Sell,-2,,Buy,2.19355,30.0,2.0
EMR,EMR,132.0,74289600000.0,Industrials,Electrical Components & Equipment,Sell,-2,,Buy,1.74074,26.0,2.0
EQIX,EQIX,786.1900024414062,76939698398.92578,Real Estate,Data Center REITs,Neutral,1,,Buy,1.65517,25.0,2.0
COIN,COIN,304.5400085449219,78247900715.51514,Financials,Financial Data & Stock Exchanges,Sell,-2,,Buy,2.30303,29.0,2.0
ECL,ECL,277.0400085449219,79137032520.87402,Materials,Specialty Chemicals,Neutral,-1,,Buy,2.15385,20.0,2.0
MDLZ,MDLZ,61.439998626708984,79500283273.91016,Consumer Staples,Packaged Foods & Meats,Sell,-2,,Buy,1.76923,24.0,2.0
ABNB,ABNB,130.52999877929688,79872221007.2832,Consumer Discretionary,"Hotels, Resorts & Cruise lines",Buy,3,,Hold,2.64444,35.0,2.0
DELL,DELL,122.1500015258789,82620064286.47705,Information Technology,"Technology Hardware, Storage & Peripherals",Sell,-2,,Buy,1.6087,21.0,2.0
RBLX,RBLX,124.58999633789062,86371638201.09375,Communication Services,Electronic Gaming & Multimedia,Neutral,1,,Buy,2.0,31.0,2.0
WM,WM,226.38999938964844,91196687076.37207,Industrials,Environmental & Facilities Services,Neutral,1,,Buy,2.04348,20.0,2.0
SHW,SHW,365.8299865722656,91213485115.38281,Materials,Specialty Chemicals,Neutral,0,,Buy,2.07407,21.0,2.0
MCO,MCO,509.760009765625,91430049669.63281,Financials,Financial Exchanges & Data,Neutral,-1,,Buy,2.13043,20.0,2.0
HOOD,HOOD,104.02999877929688,92448859997.43164,Financials,Capital Markets,Neutral,-1,,Buy,2.13043,21.0,2.0
CDNS,CDNS,350.42999267578125,96540311915.6836,Information Technology,Application Software,Neutral,1,,Buy,1.69565,23.0,2.0
SBUX,SBUX,88.19000244140625,100245578597.22656,Consumer Discretionary,Restaurants,Strong Sell,-4,,Buy,2.26471,29.0,2.0
VRTX,VRTX,391.0199890136719,100254009131.36426,Health Care,Biotechnology,Strong Sell,-4,,Buy,1.96774,25.0,2.0
DASH,DASH,245.25,104769575712.0,Consumer Discretionary,Interactive Media & Services,Neutral,1,,Buy,1.8,36.0,2.0
CRWD,CRWD,423.70001220703125,110922120995.72754,Information Technology,Application Software,Neutral,0,,Buy,1.9434,48.0,2.0
CMCSA,CMCSA,33.970001220703125,125424375489.49219,Communication Services,Cable & Satellite,Neutral,-1,,Buy,2.24138,27.0,2.0
LRCX,LRCX,100.1500015258789,126751841726.38281,Information Technology,Semiconductor Materials & Equipment,Neutral,-1,,Buy,1.66667,30.0,2.0
AMAT,AMAT,160.75999450683594,128068160971.75488,Information Technology,Semiconductor Materials & Equipment,Strong Sell,-4,,Buy,1.78378,31.0,2.0
DE,DE,478.6400146484375,129390272690.77734,Industrials,Agricultural & Farm Machinery,Strong Sell,-4,,Buy,2.26087,21.0,2.0
UNP,UNP,223.57000732421875,134253124053.85156,Industrials,Rail Transportation,Neutral,1,,Buy,2.03704,25.0,2.0
HON,HON,219.5,139359896768.0,Industrials,Industrial Conglomerates,Neutral,1,,Buy,2.0,22.0,2.0
GILD,GILD,112.97000122070312,140174305407.14062,Health Care,Biotechnology,Sell,-2,,Buy,1.71429,25.0,2.0
LOW,LOW,258.05999755859375,144726504324.23828,Consumer Discretionary,Home Improvement Retail,Neutral,0,,Buy,1.97143,31.0,2.0
PFE,PFE,24.760000228881836,145598207768.95215,Health Care,Pharmaceuticals,Neutral,-1,,Buy,2.45833,22.0,2.0
SYK,SYK,391.4100036621094,149638787401.33008,Health Care,Health Care Equipment,Neutral,1,,Buy,1.90323,27.0,2.0
ADBE,ADBE,356.70001220703125,151312145178.22266,Information Technology,Application Software,Neutral,-1,SELL,Buy,1.97436,34.0,2.0
AMGN,AMGN,287.7099914550781,154892121816.3789,Health Care,Biotechnology,Sell,-3,,Buy,2.41935,26.0,2.0
GEV,GEV,612.969970703125,166865137304.6875,Industrials,Industrial Machinery & Supplies & Components,Neutral,1,,Buy,1.875,27.0,2.0
ISRG,ISRG,473.29998779296875,169667155937.66016,Health Care,Health Care Equipment,Sell,-2,,Buy,1.9375,27.0,2.0
BKNG,BKNG,5599.0498046875,181464644264.9414,Consumer Discretionary,"Hotels, Resorts & Cruise Lines",Neutral,1,,Buy,1.78947,36.0,2.0
TMO,TMO,492.7200012207031,186056985100.95215,Health Care,Life Sciences Tools & Services,Neutral,0,,Buy,1.68966,25.0,2.0
INTU,INTU,667.0,186057654336.0,Information Technology,Application Software,Sell,-2,,Buy,1.6129,28.0,2.0
CAT,CAT,419.0400085449219,196311447515.43652,Industrials,Construction Machinery & Heavy Transportation Equipment,Neutral,-1,,Buy,2.04,22.0,2.0
KNX,KNX,43.900001525878906,7129930596.622559,Industrials,Cargo Ground Transportation,Neutral,-1,,Buy,1.85,19.0,1.9500000000000002
ADC,ADC,72.73999786376953,8075158122.848511,Real Estate,REIT - Retail,Neutral,-1,SELL,Buy,1.71429,19.0,1.9500000000000002
PCTY,PCTY,179.22999572753906,9886613332.324219,Information Technology,Application Software,Neutral,1,,Buy,1.7,19.0,1.9500000000000002
BJ,BJ,97.68000030517578,12898741720.298767,Consumer Staples,Hypermarkets & Super Centers,Sell,-2,,Buy,2.04348,19.0,1.9500000000000002
COHR,COHR,90.47000122070312,14095677816.43164,Information Technology,Electronic Components,Neutral,0,,Buy,1.6,19.0,1.9500000000000002
BLDR,BLDR,138.67999267578125,15330657150.32959,Industrials,Building Products,Neutral,-1,,Buy,1.88889,19.0,1.9500000000000002
TRU,TRU,88.4000015258789,17220320297.24121,Industrials,Financial Data & Stock Exchanges,Sell,-3,,Buy,1.7619,19.0,1.9500000000000002
IFF,IFF,67.51000213623047,17301936457.568115,Materials,Specialty Chemicals,Neutral,1,,Buy,1.95238,19.0,1.9500000000000002
GFS,GFS,33.38999938964844,18530515809.751953,Information Technology,Semiconductors,Sell,-2,,Buy,2.09524,19.0,1.9500000000000002
WSM,WSM,188.19000244140625,23146993920.288086,Consumer Discretionary,Homefurnishing Retail,Sell,-2,,Buy,2.3913,19.0,1.9500000000000002
KDP,KDP,29.09000015258789,39517017945.521484,Consumer Staples,Soft Drinks & Non-alcoholic Beverages,Sell,-2,,Buy,1.85,19.0,1.9500000000000002
ALL,ALL,203.4499969482422,53610089818.24658,Financials,Property & Casualty Insurance,Neutral,1,,Buy,1.86364,19.0,1.9500000000000002
NSC,NSC,279.9800109863281,62814635384.82666,Industrials,Rail Transportation,Neutral,1,,Buy,2.43478,19.0,1.9500000000000002
AMT,AMT,203.85000610351562,95787689287.19922,Real Estate,Telecom Tower REITs,Sell,-2,,Buy,1.7619,19.0,1.9500000000000002
PGR,PGR,247.05999755859375,144875982568.35938,Financials,Property & Casualty Insurance,Neutral,1,,Buy,2.18182,19.0,1.9500000000000002
APLS,APLS,27.56999969482422,3481815261.4593506,Health Care,Biotechnology,Neutral,0,,Buy,1.95238,18.0,1.9
DUOL,DUOL,297.8599853515625,13648510462.780762,Consumer Discretionary,Education Services,Strong Sell,-4,,Buy,1.91304,18.0,1.9
CF,CF,86.62999725341797,14141827271.636963,Materials,Fertilizers & Agricultural Chemicals,Buy,3,,Hold,2.7,18.0,1.9
IOT,IOT,36.13999938964844,20575802692.504883,Information Technology,Systems Software,Neutral,1,,Buy,1.95,18.0,1.9
TPR,TPR,101.81999969482422,21191185616.485596,Consumer Discretionary,"Apparel, Accessories & Luxury Goods",Neutral,1,,Buy,1.75,18.0,1.9
TYL,TYL,562.8800048828125,24351202195.239258,Information Technology,Application Software,Neutral,-1,,Buy,1.84211,18.0,1.9
FIS,FIS,69.80999755859375,36467277273.140625,Financials,Transaction & Payment Processing Services,Strong Sell,-4,,Buy,2.16667,18.0,1.9
CCI,CCI,99.13999938964844,43172497120.450195,Real Estate,Telecom Tower REITs,Strong Sell,-4,,Buy,2.05,18.0,1.9
AIG,AIG,81.31999969482422,45051602508.69141,Financials,Property & Casualty Insurance,Neutral,1,,Buy,2.31579,18.0,1.9
OKE,OKE,76.37999725341797,48100763994.4834,Energy,Oil & Gas Storage & Transportation,Neutral,1,,Buy,2.0,18.0,1.9
KKR,KKR,139.49000549316406,129100370298.09668,Financials,Asset Management & Custody Banks,Neutral,1,,Buy,1.6,18.0,1.9
NEE,NEE,72.05000305175781,148371849631.6543,Utilities,Multi-Utilities,Sell,-2,,Buy,2.2,18.0,1.9
RH,RH,225.6699981689453,4227340673.699951,Consumer Discretionary,Homefurnishing Retail,Neutral,-1,,Buy,2.4,17.0,1.85
TREX,TREX,61.630001068115234,6608831534.538269,Industrials,Building Products,Sell,-3,,Buy,2.05556,17.0,1.85
EMN,EMN,70.33999633789062,8077282459.472656,Materials,Diversified Chemicals,Neutral,1,,Buy,1.76471,17.0,1.85
GAP,GAP,22.010000228881836,8211182393.228027,Consumer Discretionary,Apparel Retail,Neutral,0,,Buy,2.38889,17.0,1.85
AVTR,AVTR,13.470000267028809,9183024619.803955,Health Care,Medical Instruments & Supplies,Neutral,0,,Buy,2.3,17.0,1.85
ACI,ACI,19.459999084472656,10894602958.805664,Consumer Staples,Food Retail,Neutral,1,,Buy,2.04762,17.0,1.85
SJM,SJM,110.51000213623047,11789759577.903748,Consumer Staples,Packaged Foods & Meats,Neutral,1,,Buy,2.36842,17.0,1.85
ELS,ELS,60.290000915527344,12306274406.87561,Real Estate,REIT - Residential,Neutral,-1,,Buy,1.76471,17.0,1.85
DOCU,DOCU,76.66000366210938,15490150933.256836,Information Technology,Application Software,Buy,2,,Hold,2.54545,17.0,1.85
GDDY,GDDY,148.30999755859375,20533369665.509766,Information Technology,Software - Infrastructure,Neutral,0,,Buy,2.05263,17.0,1.85
SBAC,SBAC,204.85000610351562,21996588805.389404,Real Estate,Telecom Tower REITs,Strong Sell,-4,,Buy,2.22222,17.0,1.85
VLTO,VLTO,106.19000244140625,26352216346.341797,Industrials,Pollution & Treatment Controls,Neutral,-1,,Buy,1.94444,17.0,1.85
XYL,XYL,141.55999755859375,34457119005.737305,Industrials,Industrial Machinery & Supplies & Components,Neutral,-1,,Buy,1.95238,17.0,1.85
HEI,HEI,312.0199890136719,38429629926.87988,Industrials,Aerospace & Defense,Neutral,-1,,Buy,1.85,17.0,1.85
ROST,ROST,147.16000366210938,48749842750.430664,Consumer Discretionary,Apparel Retail,Neutral,0,,Buy,1.63158,17.0,1.85
CMI,CMI,398.44000244140625,55378774311.80859,Industrials,Industrial Machinery & Supplies & Components,Buy,2,,Hold,2.52381,17.0,1.85
SO,SO,92.30000305175781,101534622787.48633,Utilities,Electric Utilities,Sell,-2,,Buy,2.36842,17.0,1.85
FRPT,FRPT,55.81999969482422,2722894003.113556,Consumer Staples,Packaged Foods,Strong Sell,-6,,Buy,1.68421,16.0,1.8
FBIN,FBIN,58.52000045776367,7024682334.949493,Industrials,Building Products,Neutral,-1,,Buy,2.42105,16.0,1.8
KMX,KMX,61.349998474121094,9206916971.0083,Consumer Discretionary,Automotive Retail,Neutral,0,,Buy,2.0,16.0,1.8
GNRC,GNRC,185.25,10869729000.0,Industrials,Electrical Components & Equipment,Neutral,-1,,Buy,2.05,16.0,1.8
FTV,FTV,47.86000061035156,16192761166.503906,Industrials,Industrial Machinery & Supplies & Components,Strong Sell,-4,,Buy,2.38889,16.0,1.8
ETR,ETR,88.08999633789062,39324166470.481445,Utilities,Electric Utilities,Neutral,-1,,Buy,2.0,16.0,1.8
PCAR,PCAR,99.9800033569336,52499800502.57593,Industrials,Construction Machinery & Heavy Transportation Equipment,Neutral,1,,Buy,2.42105,16.0,1.8
APO,APO,136.22999572753906,77927236855.87695,Financials,Asset Management & Custody Banks,Strong Sell,-4,,Buy,1.73684,16.0,1.8
ICE,ICE,176.60000610351562,101089901055.39258,Financials,Financial Exchanges & Data,Strong Sell,-4,,Buy,1.83333,16.0,1.8
APH,APH,108.86000061035156,136669372882.75195,Information Technology,Electronic Components,Neutral,1,,Buy,2.0,16.0,1.8
COLD,COLD,14.4399995803833,4125984284.581665,Real Estate,REIT - Industrial,Strong Sell,-4,,Buy,1.86667,15.0,1.75
NSA,NSA,32.22999954223633,4741387720.497925,Real Estate,REIT - Industrial,Buy,2,,Sell,3.5,15.0,1.75
BBWI,BBWI,29.209999084472656,6181186326.263428,Consumer Discretionary,Other Specialty Retail,Sell,-3,,Buy,1.6875,15.0,1.75
OLLI,OLLI,126.83999633789062,7780504899.362183,Consumer Discretionary,General Merchandise Stores,Neutral,0,,Buy,1.86667,15.0,1.75
CRL,CRL,163.30999755859375,8037170881.848145,Health Care,Life Sciences Tools & Services,Neutral,0,,Buy,2.38889,15.0,1.75
SWK,SWK,74.29000091552734,11499497821.716309,Industrials,Industrial Machinery & Supplies & Components,Neutral,1,,Buy,2.47368,15.0,1.75
OC,OC,150.1699981689453,12745678594.589233,Industrials,Building Products,Neutral,-1,,Buy,1.82353,15.0,1.75
COO,COO,67.4000015258789,13399726364.158447,Health Care,Health Care Supplies,Strong Sell,-6,,Buy,1.94118,15.0,1.75
HOLX,HOLX,67.12000274658203,14928764427.85205,Health Care,Health Care Equipment,Neutral,1,,Buy,2.3,15.0,1.75
ZBRA,ZBRA,317.0899963378906,16122504281.799316,Information Technology,Electronic Equipment & Instruments,Strong Sell,-5,,Buy,1.94118,15.0,1.75
WAT,WAT,301.79998779296875,17964372653.38745,Health Care,Health Care Distributors,Neutral,1,,Buy,2.41176,15.0,1.75
FWONK,FWONK,99.9000015258789,24770804778.35083,Communication Services,Entertainment,Neutral,1,,Buy,1.8,15.0,1.75
TW,TW,123.36000061035156,26947867786.450684,Financials,Capital Markets,Strong Sell,-4,,Buy,2.0,15.0,1.75
IR,IR,79.43000030517578,31569691275.853027,Industrials,Industrial Machinery & Supplies & Components,Neutral,-1,,Buy,1.9375,15.0,1.75
VRSK,VRSK,268.1199951171875,37460387262.75781,Industrials,Research & Consulting Services,Sell,-2,,Buy,2.35294,15.0,1.75
CSGP,CSGP,89.48999786376953,37912436163.145996,Real Estate,Real Estate Services,Neutral,1,,Buy,2.0625,15.0,1.75
ROP,ROP,526.3099975585938,56638324077.27051,Industrials,Industrial Conglomerates,Sell,-2,,Buy,1.83333,15.0,1.75
VST,VST,189.11000061035156,66645958817.97949,Utilities,Utilities - Independent Power Producers,Sell,-2,,Buy,1.6875,15.0,1.75
INSP,INSP,93.69000244140625,2770816239.202881,Health Care,Medical Devices,Neutral,0,,Buy,2.11765,14.0,1.7000000000000002
NCNO,NCNO,32.11000061035156,3718819720.687866,Information Technology,Software - Application,Neutral,0,,Buy,2.4375,14.0,1.7000000000000002
CAVA,CAVA,67.55000305175781,7832693053.863525,Consumer Discretionary,Restaurants,Strong Sell,-4,,Buy,1.82353,14.0,1.7000000000000002
LAD,LAD,336.67999267578125,8678196155.212402,Consumer Discretionary,Automotive Retail,Neutral,0,,Buy,1.64286,14.0,1.7000000000000002
ALGN,ALGN,141.9600067138672,10290169830.664062,Health Care,Health Care Supplies,Sell,-2,,Buy,2.0,14.0,1.7000000000000002
CNM,CNM,64.72000122070312,12758060198.393555,Industrials,Trading Companies & Distributors,Neutral,1,,Buy,2.07692,14.0,1.7000000000000002
SFM,SFM,140.5399932861328,13734439491.879272,Consumer Staples,Food Retail,Strong Sell,-4,,Buy,2.0625,14.0,1.7000000000000002
MKC,MKC,70.37000274658203,18750227971.832275,Consumer Staples,Packaged Foods & Meats,Neutral,-1,,Buy,2.33333,14.0,1.7000000000000002
ES,ES,64.06999969482422,23862679688.898193,Utilities,Multi-Utilities,Neutral,0,,Buy,2.35294,14.0,1.7000000000000002
CNP,CNP,37.709999084472656,24619539457.32422,Utilities,Multi-Utilities,Neutral,1,,Buy,2.375,14.0,1.7000000000000002
PRU,PRU,109.66000366210938,38594071546.13379,Financials,Life & Health Insurance,Buy,2,,Hold,2.875,14.0,1.7000000000000002
RMD,RMD,274.510009765625,40192385275.91406,Health Care,Health Care Equipment,Sell,-2,,Buy,2.05556,14.0,1.7000000000000002
PEG,PEG,82.33000183105469,41089257313.84277,Utilities,Electric Utilities,Sell,-2,,Buy,2.38889,14.0,1.7000000000000002
XEL,XEL,72.38999938964844,42813326620.78223,Utilities,Multi-Utilities,Neutral,-1,,Buy,1.73333,14.0,1.7000000000000002
MSCI,MSCI,567.719970703125,43921769077.44141,Financials,Financial Exchanges & Data,Neutral,-1,,Buy,1.88889,14.0,1.7000000000000002
COR,COR,291.6099853515625,56667402013.427734,Health Care,Health Care Distributors,Neutral,-1,,Buy,1.6875,14.0,1.7000000000000002
AJG,AJG,302.75,78360177000.0,Financials,Insurance Brokers,Neutral,1,,Buy,2.05882,14.0,1.7000000000000002
PK,PK,11.760000228881836,2350988685.7566833,Real Estate,Hotel & Resort REITs,Buy,2,,Hold,2.6,13.0,1.65
SNDR,SNDR,24.719999313354492,4318485000.045776,Industrials,Trucking,Neutral,-1,,Buy,2.35714,13.0,1.65
PB,PB,69.12999725341797,6567377391.073608,Financials,Regional Banks,Neutral,-1,,Buy,2.0,13.0,1.65
PNW,PNW,89.36000061035156,10671996792.892456,Utilities,Multi-Utilities,Neutral,0,,Buy,2.26667,13.0,1.65
UNM,UNM,69.86000061035156,11898065725.0708,Financials,Life & Health Insurance,Neutral,0,,Buy,1.84615,13.0,1.65
IEX,IEX,164.5,12384760192.0,Industrials,Industrial Machinery & Supplies & Components,Sell,-2,,Buy,2.07143,13.0,1.65
BALL,BALL,52.63999938964844,14325922772.773438,Materials,"Metal, Glass & Plastic Containers",Sell,-2,,Buy,2.21429,13.0,1.65
J,J,146.22999572753906,17561052646.91162,Industrials,Construction & Engineering,Neutral,-1,,Buy,1.9375,13.0,1.65
NTNX,NTNX,67.20999908447266,18017454386.888184,Information Technology,Software - Infrastructure,Sell,-2,,Buy,1.625,13.0,1.65
CMS,CMS,71.56999969482422,21423406431.210205,Utilities,Multi-Utilities,Neutral,0,,Buy,2.25,13.0,1.65
PPL,PPL,36.470001220703125,27036671871.996094,Utilities,Electric Utilities,Neutral,-1,,Buy,1.92857,13.0,1.65
AEE,AEE,99.77999877929688,27298013222.51758,Utilities,Multi-Utilities,Neutral,-1,,Buy,1.92857,13.0,1.65
CAH,CAH,148.77999877929688,35701991216.833984,Health Care,Health Care Distributors,Neutral,0,,Buy,1.6875,13.0,1.65
ARES,ARES,179.1999969482422,58545894836.569336,Financials,Asset Management,Neutral,0,,Buy,2.13333,13.0,1.65
DUK,DUK,122.48999786376953,95251162098.81592,Utilities,Electric Utilities,Neutral,-1,,Buy,2.16667,13.0,1.65
M,M,13.229999542236328,3592474075.6988525,Consumer Discretionary,Department Stores,Buy,2,,Hold,2.84615,12.0,1.6
CROX,CROX,87.19999694824219,4762637113.320923,Consumer Discretionary,Footwear,Neutral,1,,Buy,2.42857,12.0,1.6
MKTX,MKTX,183.83999633789062,6868960855.169678,Financials,Financial Exchanges & Data,Strong Sell,-4,,Buy,2.26667,12.0,1.6
AVY,AVY,171.64999389648438,13385541164.038086,Materials,Paper & Plastic Packaging Products & Materials,Strong Sell,-6,,Buy,2.15385,12.0,1.6
UTHR,UTHR,304.760009765625,13783167629.663086,Health Care,Biotechnology,Sell,-3,,Buy,1.85714,12.0,1.6
RYAN,RYAN,56.529998779296875,14955520399.291992,Financials,Insurance - Specialty,Strong Sell,-6,,Buy,1.93333,12.0,1.6
WY,WY,25.8700008392334,18665489554.63611,Real Estate,Timber REITs,Neutral,-1,,Buy,1.61538,12.0,1.6
DTE,DTE,136.64999389648438,28366898932.9834,Utilities,Multi-Utilities,Sell,-2,,Buy,2.1875,12.0,1.6
OWL,OWL,18.520000457763672,28696741301.944824,Financials,Asset Management,Strong Sell,-6,,Buy,1.71429,12.0,1.6
BRO,BRO,96.94999694824219,31978278618.999023,Financials,Insurance Brokers,Neutral,-1,,Buy,2.42857,12.0,1.6
MO,MO,67.20999908447266,112905408588.09473,Consumer Staples,Tobacco,Buy,2,,Hold,2.66667,12.0,1.6
ADP,ADP,304.04998779296875,123153321638.02734,Industrials,Human Resource & Employment Services,Buy,3,,Hold,2.8,12.0,1.6
WU,WU,8.670000076293945,2800123984.0004272,Information Technology,Data Processing & Outsourced Services,Buy,2,,Hold,3.46667,11.0,1.55
BRKR,BRKR,33.97999954223633,5155411822.38855,Health Care,Health Care Equipment,Neutral,-1,,Buy,2.07692,11.0,1.55
PNFP,PNFP,97.22000122070312,7540772174.682617,Financials,Regional Banks,Neutral,-1,,Buy,2.33333,11.0,1.55
POOL,POOL,310.7099914550781,11595075461.120605,Consumer Discretionary,Distributors,Sell,-3,,Buy,2.25,11.0,1.55
SNX,SNX,148.07000732421875,12334601192.845703,Information Technology,Technology Distributors,Neutral,1,,Buy,1.63636,11.0,1.55
MEDP,MEDP,475.510009765625,13358502704.345703,Health Care,Diagnostics & Research,Buy,2,,Hold,3.16667,11.0,1.55
TSN,TSN,56.779998779296875,20200562931.47168,Consumer Staples,Packaged Foods & Meats,Neutral,0,,Buy,2.46154,11.0,1.55
TPG,TPG,60.349998474121094,22242715172.019043,Financials,Asset Management,Neutral,-1,,Buy,2.15385,11.0,1.55
CPAY,CPAY,325.6700134277344,22996992596.191406,Financials,Transaction & Payment Processing Services,Neutral,-1,,Buy,1.84615,11.0,1.55
EPR,EPR,54.25,4129325550.0,Real Estate,Other Specialized REITs,Buy,3,,Hold,2.69231,10.0,1.5
SKX,SKX,63.08000183105469,9479410355.163574,Consumer Discretionary,Footwear,Buy,2,,Hold,2.64286,10.0,1.5
HII,HII,270.7900085449219,10625962409.307861,Industrials,Aerospace & Defense,Buy,2,,Hold,2.63636,10.0,1.5
LNT,LNT,65.06999969482422,16720972231.019287,Utilities,Electric Utilities,Neutral,-1,,Buy,2.18182,10.0,1.5
GEN,GEN,30.200000762939453,18599244028.270752,Information Technology,Application Software,Neutral,-1,,Buy,2.0,10.0,1.5
ATO,ATO,166.1300048828125,26667852903.808594,Utilities,Gas Utilities,Buy,2,,Hold,2.5,10.0,1.5
IRM,IRM,92.33000183105469,27269481380.79834,Real Estate,Other Specialized REITs,Neutral,1,,Buy,1.8,10.0,1.5
KEYS,KEYS,163.42999267578125,28081032938.970703,Information Technology,Electronic Equipment & Instruments,Neutral,-1,,Buy,1.63636,10.0,1.5
BDX,BDX,192.97999572753906,55313278779.237305,Health Care,Health Care Equipment,Neutral,-1,,Buy,2.38462,10.0,1.5
FAST,FAST,49.65999984741211,57588221206.731445,Industrials,Building Products,Buy,2,,Hold,2.82353,10.0,1.5
WSC,WSC,24.239999771118164,4413498152.246338,Industrials,Rental & Leasing Services,Strong Sell,-4,,Buy,2.22222,9.0,1.45
WEX,WEX,171.35000610351562,5871188014.13269,Financials,Transaction & Payment Processing Services,Buy,2,,Hold,2.61538,9.0,1.45
ALSN,ALSN,87.30999755859375,7372403807.849121,Industrials,Auto Parts,Sell,-3,,Buy,2.44444,9.0,1.45
SARO,SARO,26.489999771118164,9017328160.16748,Industrials,Aerospace & Defense,Sell,-2,,Buy,1.88889,9.0,1.45
MANH,MANH,215.44000244140625,13027355331.628418,Information Technology,Software - Application,Neutral,1,,Buy,2.3,9.0,1.45
NWSA,NWSA,29.40999984741211,17419602200.181885,Communication Services,Publishing,Neutral,-1,,Buy,1.66667,9.0,1.45
NRG,NRG,145.55999755859375,28155817052.23633,Utilities,Independent Power Producers & Energy Traders,Sell,-2,,Buy,2.1,9.0,1.45
IBKR,IBKR,62.2400016784668,103132308168.75635,Financials,Investment Banking & Brokerage,Neutral,-1,,Buy,2.0,9.0,1.45
DXC,DXC,14.449999809265137,2586535631.4586487,Information Technology,IT Consulting & Other Services,Buy,2,,Hold,3.33333,8.0,1.4
FHB,FHB,25.950000762939453,3234096695.083618,Financials,Regional Banks,Buy,2,,Sell,3.77778,8.0,1.4
CAR,CAR,158.22999572753906,5579585224.342346,Industrials,Passenger Ground Transportation,Buy,3,,Hold,2.77778,8.0,1.4
TFX,TFX,126.41000366210938,5586412009.838867,Health Care,Health Care Equipment,Buy,2,,Hold,3.0,8.0,1.4
OGE,OGE,44.65999984741211,8994301026.54956,Utilities,Multi-Utilities,Neutral,-1,,Buy,2.4,8.0,1.4
CR,CR,185.3000030517578,10663422215.618896,Industrials,Industrial Machinery & Supplies & Components,Sell,-2,,Buy,1.75,8.0,1.4
ASTS,ASTS,48.939998626708984,17545871210.69043,Communication Services,Wireless Telecommunication Services,Neutral,1,,Buy,1.9,8.0,1.4
JBL,JBL,204.8300018310547,21982150966.506958,Information Technology,Electronic Manufacturing Services,Strong Sell,-4,,Buy,1.66667,8.0,1.4
WAB,WAB,193.5,33079403952.0,Industrials,Construction Machinery & Heavy Transportation Equipment,Neutral,1,,Buy,1.77778,8.0,1.4
MPW,MPW,4.5,2704950144.0,Real Estate,Health Care REITs,Buy,2,,Hold,3.3,7.0,1.35
RYN,RYN,26.280000686645508,4104357947.238922,Real Estate,Timber REITs,Neutral,0,,Buy,2.42857,7.0,1.35
EXLS,EXLS,43.779998779296875,7071038592.600586,Industrials,Data Processing & Outsourced Services,Neutral,1,,Buy,1.66667,7.0,1.35
MASI,MASI,139.7100067138672,7657086337.966919,Health Care,Health Care Equipment,Strong Sell,-6,,Buy,1.75,7.0,1.35
PRI,PRI,269.3399963378906,8724272623.379517,Financials,Life & Health Insurance,Buy,2,,Hold,2.55556,7.0,1.35
WBA,WBA,11.979999542236328,10369420671.297607,Consumer Staples,Drug Retail,Buy,2,,Hold,2.75,7.0,1.35
SOLV,SOLV,73.08999633789062,12672928285.03418,Health Care,Health Care Equipment,Buy,3,,Hold,2.63636,7.0,1.35
CXT,CXT,59.72999954223633,3429589059.716034,Industrials,Industrial Machinery & Supplies & Components,Neutral,-1,,Buy,1.83333,6.0,1.3
IDA,IDA,125.0999984741211,6759515707.552338,Utilities,Electric Utilities,Neutral,-1,,Buy,1.66667,6.0,1.3
LKQ,LKQ,32.619998931884766,8392897124.221436,Consumer Discretionary,Distributors,Neutral,1,,Buy,1.71429,6.0,1.3
RBC,RBC,389.9599914550781,12308151226.300049,Industrials,Tools & Accessories,Sell,-2,,Buy,1.71429,6.0,1.3
BEPC,BEPC,33.70000076293945,6045881506.473633,Utilities,Utilities - Renewable,Buy,3,,Hold,2.5,5.0,1.25
ADT,ADT,8.710000038146973,7142905750.323608,Consumer Discretionary,Security & Protection Services,Neutral,1,BUY,Buy,2.2,5.0,1.25
NFG,NFG,86.73999786376953,7838138470.962524,Utilities,Gas Utilities,Neutral,1,,Buy,2.16667,4.0,1.2
FNF,FNF,59.869998931884766,16516337563.259033,Financials,Insurance - Specialty,Neutral,0,,Buy,1.75,4.0,1.2
VMI,VMI,367.1199951171875,7246398023.620605,Industrials,Industrial Machinery & Supplies & Components,Neutral,-1,,Buy,2.0,3.0,1.15
JEF,JEF,64.8499984741211,13509292282.13501,Financials,Multi-Sector Holdings,Buy,2,,Hold,2.75,3.0,1.15
LBRDK,LBRDK,60.86000061035156,8741321887.664795,Communication Services,Telecom Services,Sell,-2,,Buy,2.0,2.0,1.1
NWS,NWS,33.869998931884766,17482271450.60376,Communication Services,Publishing,Neutral,-1,,Buy,1.66667,1.0,1.05
SRPT,SRPT,18.200000762939453,1778383954.549408,Health Care,Biotechnology,Sell,-3,,Hold,2.89286,25.0,1.0
WEN,WEN,10.609999656677246,2021894499.6947021,Consumer Discretionary,Restaurants,Neutral,1,,Hold,2.75862,22.0,1.0
UAA,UAA,5.0,2127660000.0,Consumer Discretionary,"Apparel, Accessories & Luxury Goods",Sell,-2,,Hold,2.80769,20.0,1.0
ENPH,ENPH,37.70000076293945,4929312799.755096,Information Technology,Electronic Components,Neutral,0,,Hold,2.85294,31.0,1.0
ETSY,ETSY,53.0099983215332,5253746719.649506,Consumer Discretionary,Internet Retail,Sell,-2,,Hold,2.7,25.0,1.0
RRC,RRC,34.27000045776367,8162805953.19519,Energy,Oil & Gas Exploration & Production,Neutral,1,,Hold,2.5,24.0,1.0
MRNA,MRNA,24.09000015258789,9372937259.368896,Health Care,Biotechnology,Strong Sell,-6,,Hold,2.83333,20.0,1.0
CPB,CPB,31.93000030517578,9519290480.10205,Consumer Staples,Packaged Foods & Meats,Sell,-3,,Hold,3.04762,20.0,1.0
GIS,GIS,49.33000183105469,26376062148.319336,Consumer Staples,Packaged Foods & Meats,Neutral,-1,,Hold,2.90476,20.0,1.0
ODFL,ODFL,150.97000122070312,31729063216.552734,Industrials,Cargo Ground Transportation,Neutral,-1,,Hold,2.625,21.0,1.0
EBAY,EBAY,90.61000061035156,41408770278.930664,Consumer Discretionary,Broadline Retail,Neutral,-1,,Hold,2.71875,27.0,1.0
TGT,TGT,95.9800033569336,43612929605.3772,Consumer Staples,Consumer Staples Merchandise Retail,Strong Sell,-4,,Hold,2.69444,31.0,1.0
FTNT,FTNT,78.7699966430664,60757267030.55322,Information Technology,Systems Software,Sell,-2,,Hold,2.63636,36.0,1.0
BMY,BMY,47.18000030517578,96032059821.16699,Health Care,Health Care Distributors,Neutral,-1,,Hold,2.69231,21.0,1.0
MMC,MMC,205.80999755859375,101181134239.7461,Financials,Insurance Brokers,Strong Sell,-4,,Hold,2.7,19.0,0.9500000000000001
CAG,CAG,19.1299991607666,9337735190.353394,Consumer Staples,Packaged Foods & Meats,Neutral,-1,,Hold,3.0,18.0,0.9
LINE,LINE,41.90999984741211,10379095282.211304,Real Estate,Industrial REITs,Neutral,1,,Hold,2.57895,18.0,0.9
BF.B,BF-B,29.940000534057617,14223565874.194214,Consumer Staples,Distillers & Vintners,Sell,-3,,Hold,3.05263,18.0,0.9
LYB,LYB,56.349998474121094,18124864309.2041,Materials,Specialty Chemicals,Neutral,-1,,Hold,2.9,18.0,0.9
CME,CME,266.510009765625,96044877319.33594,Financials,Financial Exchanges & Data,Strong Sell,-4,,Hold,2.77778,18.0,0.9
LMT,LMT,455.6300048828125,106373655444.92578,Industrials,Aerospace & Defense,Neutral,0,,Hold,2.55,18.0,0.9
CLX,CLX,118.19999694824219,14456923426.742554,Consumer Staples,Household Products,Strong Sell,-4,,Hold,3.15789,17.0,0.8500000000000001
DOW,DOW,24.6299991607666,17458827913.274414,Materials,Commodity Chemicals,Neutral,1,,Hold,2.7,17.0,0.8500000000000001
LII,LII,557.8599853515625,19594441483.483887,Industrials,Building Products,Strong Sell,-4,,Hold,2.95,17.0,0.8500000000000001
COTY,COTY,4.28000020980835,3733422680.2947693,Consumer Staples,Personal Care Products,Strong Sell,-4,,Hold,2.64706,16.0,0.8
FDS,FDS,373.32000732421875,14114034852.905273,Financials,Financial Exchanges & Data,Strong Sell,-4,,Hold,3.35,16.0,0.8
CNC,CNC,29.040000915527344,14647224469.45459,Health Care,Managed Health Care,Neutral,-1,,Hold,2.61111,16.0,0.8
SMCI,SMCI,41.540000915527344,24686101961.033203,Information Technology,"Technology Hardware, Storage & Peripherals",Strong Sell,-4,,Hold,2.78947,16.0,0.8
CTAS,CTAS,210.02999877929688,84637465487.60352,Industrials,Diversified Support Services,Sell,-2,,Hold,2.75,16.0,0.8
SAM,SAM,221.08999633789062,2356399289.968872,Consumer Staples,Brewers,Neutral,1,,Hold,2.9375,15.0,0.75
PATH,PATH,11.119999885559082,5949633707.729645,Information Technology,Software - Infrastructure,Neutral,1,,Hold,2.71429,15.0,0.75
CBOE,CBOE,235.9499969482422,24678010180.81665,Financials,Financial Exchanges & Data,Sell,-2,,Hold,3.0,15.0,0.75
KVUE,KVUE,20.709999084472656,39743936948.958984,Consumer Staples,Personal Care Products,Strong Sell,-4,,Hold,2.52941,15.0,0.75
KMB,KMB,129.13999938964844,42846068997.49756,Consumer Staples,Household Products,Sell,-2,,Hold,2.6,15.0,0.75
AEP,AEP,111.0199966430664,59779383312.438965,Utilities,Electric Utilities,Neutral,-1,,Hold,2.57895,15.0,0.75
XRAY,XRAY,14.300000190734863,2852621238.0485535,Health Care,Health Care Supplies,Neutral,-1,,Hold,2.64706,14.0,0.7000000000000001
CHH,CHH,119.58000183105469,5532775356.719971,Consumer Discretionary,"Hotels, Resorts & Cruise Lines",Sell,-2,,Hold,2.73333,14.0,0.7000000000000001
VNO,VNO,38.029998779296875,7938723910.939453,Real Estate,Office REITs,Neutral,1,,Hold,3.0,14.0,0.7000000000000001
K,K,79.5,27639684864.0,Consumer Staples,Packaged Foods & Meats,Sell,-2,,Hold,3.0,14.0,0.7000000000000001
ED,ED,98.2300033569336,35426847170.684814,Utilities,Electric Utilities,Sell,-2,,Hold,3.1875,14.0,0.7000000000000001
EXC,EXC,43.68000030517578,44116364207.10449,Utilities,Multi-Utilities,Sell,-2,,Hold,2.625,14.0,0.7000000000000001
SCCO,SCCO,96.08999633789062,78043237266.95508,Materials,Copper,Neutral,1,,Hold,3.26667,14.0,0.7000000000000001
LSTR,LSTR,132.3300018310547,4585697718.452454,Industrials,Cargo Ground Transportation,Neutral,-1,,Hold,2.94118,13.0,0.65
AGCO,AGCO,108.19000244140625,8073159620.178223,Industrials,Agricultural & Farm Machinery,Sell,-2,SELL,Hold,2.6,13.0,0.65
HSIC,HSIC,69.58000183105469,8437827662.04834,Health Care,Health Care Distributors,Neutral,1,,Hold,2.66667,13.0,0.65
WEC,WEC,106.51000213623047,34281946643.41992,Utilities,Electric Utilities,Sell,-2,,Hold,2.73333,13.0,0.65
OTIS,OTIS,86.37999725341797,34479785223.66333,Industrials,Industrial Machinery & Supplies & Components,Strong Sell,-4,,Hold,2.6,13.0,0.65
GWW,GWW,1013.5,48524353000.0,Industrials,Industrial Machinery & Supplies & Components,Neutral,1,,Hold,2.84211,13.0,0.65
LCID,LCID,1.9800000190734863,6083530226.923096,Consumer Discretionary,Automobile Manufacturers,Strong Sell,-6,,Hold,3.14286,12.0,0.6000000000000001
AOS,AOS,71.29000091552734,9989867828.292847,Industrials,Building Products,Neutral,-1,NEUTRAL,Hold,2.6,12.0,0.6000000000000001
PFG,PFG,80.51000213623047,17935052155.88379,Financials,Life & Health Insurance,Neutral,0,,Hold,3.08333,12.0,0.6000000000000001
RKT,RKT,17.770000457763672,37506963119.15723,Financials,Mortgage Finance,Neutral,-1,,Hold,2.76923,12.0,0.6000000000000001
PAYX,PAYX,139.4600067138672,50239630658.63037,Industrials,Human Resource & Employment Services,Neutral,1,,Hold,3.13333,12.0,0.6000000000000001
D,D,59.900001525878906,51120696943.836914,Utilities,Electric Utilities,Neutral,1,,Hold,2.93333,12.0,0.6000000000000001
JKHY,JKHY,163.25999450683594,11896984363.705444,Financials,Transaction & Payment Processing Services,Neutral,0,,Hold,2.53333,11.0,0.55
BAH,BAH,108.72000122070312,13399631430.45044,Industrials,Consulting Services,Sell,-3,,Hold,2.61538,11.0,0.55
WSO,WSO,402.3800048828125,16498224008.203125,Industrials,Trading Companies & Distributors,Strong Sell,-6,,Hold,2.8125,11.0,0.55
FFIV,FFIV,313.1400146484375,18291165849.645996,Information Technology,Communications Equipment,Neutral,-1,,Hold,2.84615,11.0,0.55
LPX,LPX,95.11000061035156,6664643072.769165,Materials,Forest Products,Sell,-3,,Hold,2.7,10.0,0.5
AWK,AWK,143.50999450683594,27998657566.36914,Utilities,Water Utilities,Neutral,-1,,Hold,2.92308,10.0,0.5
TDC,TDC,20.979999542236328,1982609956.741333,Information Technology,IT Consulting & Other Services,Neutral,1,,Hold,2.7,9.0,0.45
BHF,BHF,47.2599983215332,2701022328.071594,Financials,Life & Health Insurance,Neutral,-1,,Hold,3.0,9.0,0.45
RHI,RHI,37.31999969482422,3796899448.951721,Industrials,Human Resource & Employment Services,Neutral,1,,Hold,3.18182,9.0,0.45
EXP,EXP,230.89999389648438,7492543171.94519,Materials,Construction Materials,Neutral,-1,,Hold,2.6,9.0,0.45
HRL,HRL,25.440000534057617,13991949820.77063,Consumer Staples,Packaged Foods & Meats,Strong Sell,-6,,Hold,2.54545,9.0,0.45
SNA,SNA,325.239990234375,16965623706.591797,Industrials,Industrial Machinery & Supplies & Components,Neutral,1,,Hold,2.7,8.0,0.4
FLO,FLO,15.039999961853027,3212333431.8523407,Consumer Staples,Packaged Foods & Meats,Strong Sell,-4,,Hold,2.875,7.0,0.35000000000000003
AM,AM,17.790000915527344,8510932270.318359,Energy,Oil & Gas Midstream,Neutral,1,,Hold,3.375,7.0,0.35000000000000003
PPC,PPC,44.45000076293945,10558964686.833984,Consumer Staples,Packaged Foods & Meats,Neutral,0,,Hold,2.77778,7.0,0.35000000000000003
VTRS,VTRS,10.550000190734863,12299928215.972046,Health Care,Pharmaceuticals,Neutral,0,,Hold,2.55556,7.0,0.35000000000000003
OGN,OGN,9.420000076293945,2448879739.833832,Health Care,Pharmaceuticals,Neutral,1,,Hold,3.0,6.0,0.30000000000000004
CBSH,CBSH,61.939998626708984,8271900996.601105,Financials,Regional Banks,Neutral,-1,,Hold,3.0,6.0,0.30000000000000004
UHAL,UHAL,57.54999923706055,9895203958.419434,Industrials,Rental & Leasing Services,Neutral,-1,,Hold,3.0,2.0,0.1
HEI.A,HEI-A,245.00999450683594,38429817638.39722,Industrials,Aerospace & Defense,Neutral,-1,,Hold,3.0,1.0,0.05
