symbol,exchange,err
TRV,NASDAQ,Exchange or symbol not found.
AL,NASDAQ,Exchange or symbol not found.
AU,NASDAQ,Exchange or symbol not found.
WRB,NASDAQ,Exchange or symbol not found.
ORI,NASDAQ,Exchange or symbol not found.
TJX,NASDAQ,Exchange or symbol not found.
PFGC,NASDAQ,Exchange or symbol not found.
HSY,NASDAQ,Exchange or symbol not found.
UI,NASDAQ,Exchange or symbol not found.
GE,NASDAQ,Exchange or symbol not found.
THC,NASDAQ,Exchange or symbol not found.
NU,NASDAQ,Exchange or symbol not found.
AFG,NASDAQ,Exchange or symbol not found.
NLY,NASDAQ,Exchange or symbol not found.
MCD,NASDAQ,Exchange or symbol not found.
ABBV,NASDAQ,Exchange or symbol not found.
AYI,NASDAQ,Exchange or symbol not found.
TOL,NASDAQ,Exchange or symbol not found.
FIVE,NASDAQ,"Can't access TradingView's API. HTTP status code: 429. Check for invalid symbol, exchange, or indicators."
FIVE,NYSE,"Can't access TradingView's API. HTTP status code: 429. Check for invalid symbol, exchange, or indicators."
FIVE,AMEX,"Can't access TradingView's API. HTTP status code: 429. Check for invalid symbol, exchange, or indicators."
FIVE,BATS,"Can't access TradingView's API. HTTP status code: 429. Check for invalid symbol, exchange, or indicators."
FIVE,NYSEARCA,"Can't access TradingView's API. HTTP status code: 429. Check for invalid symbol, exchange, or indicators."
FIVE,NYSEMKT,"Can't access TradingView's API. HTTP status code: 429. Check for invalid symbol, exchange, or indicators."
THG,NASDAQ,"Can't access TradingView's API. HTTP status code: 429. Check for invalid symbol, exchange, or indicators."
THG,NYSE,"Can't access TradingView's API. HTTP status code: 429. Check for invalid symbol, exchange, or indicators."
THG,AMEX,"Can't access TradingView's API. HTTP status code: 429. Check for invalid symbol, exchange, or indicators."
THG,BATS,"Can't access TradingView's API. HTTP status code: 429. Check for invalid symbol, exchange, or indicators."
THG,NYSEARCA,"Can't access TradingView's API. HTTP status code: 429. Check for invalid symbol, exchange, or indicators."
THG,NYSEMKT,"Can't access TradingView's API. HTTP status code: 429. Check for invalid symbol, exchange, or indicators."
LSCC,NASDAQ,"Can't access TradingView's API. HTTP status code: 429. Check for invalid symbol, exchange, or indicators."
LSCC,NYSE,"Can't access TradingView's API. HTTP status code: 429. Check for invalid symbol, exchange, or indicators."
LSCC,AMEX,"Can't access TradingView's API. HTTP status code: 429. Check for invalid symbol, exchange, or indicators."
LSCC,BATS,"Can't access TradingView's API. HTTP status code: 429. Check for invalid symbol, exchange, or indicators."
LSCC,NYSEARCA,"Can't access TradingView's API. HTTP status code: 429. Check for invalid symbol, exchange, or indicators."
LSCC,NYSEMKT,"Can't access TradingView's API. HTTP status code: 429. Check for invalid symbol, exchange, or indicators."
LNC,NASDAQ,"Can't access TradingView's API. HTTP status code: 429. Check for invalid symbol, exchange, or indicators."
LNC,NYSE,"Can't access TradingView's API. HTTP status code: 429. Check for invalid symbol, exchange, or indicators."
LNC,AMEX,"Can't access TradingView's API. HTTP status code: 429. Check for invalid symbol, exchange, or indicators."
LNC,BATS,"Can't access TradingView's API. HTTP status code: 429. Check for invalid symbol, exchange, or indicators."
LNC,NYSEARCA,"Can't access TradingView's API. HTTP status code: 429. Check for invalid symbol, exchange, or indicators."
LNC,NYSEMKT,"Can't access TradingView's API. HTTP status code: 429. Check for invalid symbol, exchange, or indicators."
AMG,NASDAQ,"Can't access TradingView's API. HTTP status code: 429. Check for invalid symbol, exchange, or indicators."
AMG,NYSE,"Can't access TradingView's API. HTTP status code: 429. Check for invalid symbol, exchange, or indicators."
AMG,AMEX,"Can't access TradingView's API. HTTP status code: 429. Check for invalid symbol, exchange, or indicators."
AMG,BATS,"Can't access TradingView's API. HTTP status code: 429. Check for invalid symbol, exchange, or indicators."
AMG,NYSEARCA,"Can't access TradingView's API. HTTP status code: 429. Check for invalid symbol, exchange, or indicators."
AMG,NYSEMKT,"Can't access TradingView's API. HTTP status code: 429. Check for invalid symbol, exchange, or indicators."
RBLX,NASDAQ,"Can't access TradingView's API. HTTP status code: 429. Check for invalid symbol, exchange, or indicators."
RBLX,NYSE,"Can't access TradingView's API. HTTP status code: 429. Check for invalid symbol, exchange, or indicators."
RBLX,AMEX,"Can't access TradingView's API. HTTP status code: 429. Check for invalid symbol, exchange, or indicators."
RBLX,BATS,"Can't access TradingView's API. HTTP status code: 429. Check for invalid symbol, exchange, or indicators."
RBLX,NYSEARCA,"Can't access TradingView's API. HTTP status code: 429. Check for invalid symbol, exchange, or indicators."
RBLX,NYSEMKT,"Can't access TradingView's API. HTTP status code: 429. Check for invalid symbol, exchange, or indicators."
IONS,NASDAQ,"Can't access TradingView's API. HTTP status code: 429. Check for invalid symbol, exchange, or indicators."
IONS,NYSE,"Can't access TradingView's API. HTTP status code: 429. Check for invalid symbol, exchange, or indicators."
IONS,AMEX,"Can't access TradingView's API. HTTP status code: 429. Check for invalid symbol, exchange, or indicators."
IONS,BATS,"Can't access TradingView's API. HTTP status code: 429. Check for invalid symbol, exchange, or indicators."
IONS,NYSEARCA,"Can't access TradingView's API. HTTP status code: 429. Check for invalid symbol, exchange, or indicators."
IONS,NYSEMKT,"Can't access TradingView's API. HTTP status code: 429. Check for invalid symbol, exchange, or indicators."
RL,NASDAQ,"Can't access TradingView's API. HTTP status code: 429. Check for invalid symbol, exchange, or indicators."
RL,NYSE,"Can't access TradingView's API. HTTP status code: 429. Check for invalid symbol, exchange, or indicators."
RL,AMEX,"Can't access TradingView's API. HTTP status code: 429. Check for invalid symbol, exchange, or indicators."
RL,BATS,"Can't access TradingView's API. HTTP status code: 429. Check for invalid symbol, exchange, or indicators."
RL,NYSEARCA,"Can't access TradingView's API. HTTP status code: 429. Check for invalid symbol, exchange, or indicators."
RL,NYSEMKT,"Can't access TradingView's API. HTTP status code: 429. Check for invalid symbol, exchange, or indicators."
RGLD,NASDAQ,"Can't access TradingView's API. HTTP status code: 429. Check for invalid symbol, exchange, or indicators."
RGLD,NYSE,"Can't access TradingView's API. HTTP status code: 429. Check for invalid symbol, exchange, or indicators."
RGLD,AMEX,"Can't access TradingView's API. HTTP status code: 429. Check for invalid symbol, exchange, or indicators."
RGLD,BATS,"Can't access TradingView's API. HTTP status code: 429. Check for invalid symbol, exchange, or indicators."
RGLD,NYSEARCA,"Can't access TradingView's API. HTTP status code: 429. Check for invalid symbol, exchange, or indicators."
RGLD,NYSEMKT,"Can't access TradingView's API. HTTP status code: 429. Check for invalid symbol, exchange, or indicators."
CORT,NASDAQ,"Can't access TradingView's API. HTTP status code: 429. Check for invalid symbol, exchange, or indicators."
CORT,NYSE,"Can't access TradingView's API. HTTP status code: 429. Check for invalid symbol, exchange, or indicators."
CORT,AMEX,"Can't access TradingView's API. HTTP status code: 429. Check for invalid symbol, exchange, or indicators."
CORT,BATS,"Can't access TradingView's API. HTTP status code: 429. Check for invalid symbol, exchange, or indicators."
CORT,NYSEARCA,"Can't access TradingView's API. HTTP status code: 429. Check for invalid symbol, exchange, or indicators."
CORT,NYSEMKT,"Can't access TradingView's API. HTTP status code: 429. Check for invalid symbol, exchange, or indicators."
ABT,NASDAQ,"Can't access TradingView's API. HTTP status code: 429. Check for invalid symbol, exchange, or indicators."
ABT,NYSE,"Can't access TradingView's API. HTTP status code: 429. Check for invalid symbol, exchange, or indicators."
ABT,AMEX,"Can't access TradingView's API. HTTP status code: 429. Check for invalid symbol, exchange, or indicators."
ABT,BATS,"Can't access TradingView's API. HTTP status code: 429. Check for invalid symbol, exchange, or indicators."
ABT,NYSEARCA,"Can't access TradingView's API. HTTP status code: 429. Check for invalid symbol, exchange, or indicators."
ABT,NYSEMKT,"Can't access TradingView's API. HTTP status code: 429. Check for invalid symbol, exchange, or indicators."
USB,NASDAQ,"Can't access TradingView's API. HTTP status code: 429. Check for invalid symbol, exchange, or indicators."
USB,NYSE,"Can't access TradingView's API. HTTP status code: 429. Check for invalid symbol, exchange, or indicators."
USB,AMEX,"Can't access TradingView's API. HTTP status code: 429. Check for invalid symbol, exchange, or indicators."
USB,BATS,"Can't access TradingView's API. HTTP status code: 429. Check for invalid symbol, exchange, or indicators."
USB,NYSEARCA,"Can't access TradingView's API. HTTP status code: 429. Check for invalid symbol, exchange, or indicators."
USB,NYSEMKT,"Can't access TradingView's API. HTTP status code: 429. Check for invalid symbol, exchange, or indicators."
DINO,NASDAQ,"Can't access TradingView's API. HTTP status code: 429. Check for invalid symbol, exchange, or indicators."
DINO,NYSE,"Can't access TradingView's API. HTTP status code: 429. Check for invalid symbol, exchange, or indicators."
DINO,AMEX,"Can't access TradingView's API. HTTP status code: 429. Check for invalid symbol, exchange, or indicators."
DINO,BATS,"Can't access TradingView's API. HTTP status code: 429. Check for invalid symbol, exchange, or indicators."
DINO,NYSEARCA,"Can't access TradingView's API. HTTP status code: 429. Check for invalid symbol, exchange, or indicators."
DINO,NYSEMKT,"Can't access TradingView's API. HTTP status code: 429. Check for invalid symbol, exchange, or indicators."
TFC,NASDAQ,"Can't access TradingView's API. HTTP status code: 429. Check for invalid symbol, exchange, or indicators."
TFC,NYSE,"Can't access TradingView's API. HTTP status code: 429. Check for invalid symbol, exchange, or indicators."
TFC,AMEX,"Can't access TradingView's API. HTTP status code: 429. Check for invalid symbol, exchange, or indicators."
TFC,BATS,"Can't access TradingView's API. HTTP status code: 429. Check for invalid symbol, exchange, or indicators."
TFC,NYSEARCA,"Can't access TradingView's API. HTTP status code: 429. Check for invalid symbol, exchange, or indicators."
TFC,NYSEMKT,"Can't access TradingView's API. HTTP status code: 429. Check for invalid symbol, exchange, or indicators."
HR,NASDAQ,"Can't access TradingView's API. HTTP status code: 429. Check for invalid symbol, exchange, or indicators."
HR,NYSE,"Can't access TradingView's API. HTTP status code: 429. Check for invalid symbol, exchange, or indicators."
HR,AMEX,"Can't access TradingView's API. HTTP status code: 429. Check for invalid symbol, exchange, or indicators."
HR,BATS,"Can't access TradingView's API. HTTP status code: 429. Check for invalid symbol, exchange, or indicators."
HR,NYSEARCA,"Can't access TradingView's API. HTTP status code: 429. Check for invalid symbol, exchange, or indicators."
HR,NYSEMKT,"Can't access TradingView's API. HTTP status code: 429. Check for invalid symbol, exchange, or indicators."
COF,NASDAQ,"Can't access TradingView's API. HTTP status code: 429. Check for invalid symbol, exchange, or indicators."
COF,NYSE,"Can't access TradingView's API. HTTP status code: 429. Check for invalid symbol, exchange, or indicators."
COF,AMEX,"Can't access TradingView's API. HTTP status code: 429. Check for invalid symbol, exchange, or indicators."
COF,BATS,"Can't access TradingView's API. HTTP status code: 429. Check for invalid symbol, exchange, or indicators."
COF,NYSEARCA,"Can't access TradingView's API. HTTP status code: 429. Check for invalid symbol, exchange, or indicators."
COF,NYSEMKT,"Can't access TradingView's API. HTTP status code: 429. Check for invalid symbol, exchange, or indicators."
ULTA,NASDAQ,"Can't access TradingView's API. HTTP status code: 429. Check for invalid symbol, exchange, or indicators."
ULTA,NYSE,"Can't access TradingView's API. HTTP status code: 429. Check for invalid symbol, exchange, or indicators."
ULTA,AMEX,"Can't access TradingView's API. HTTP status code: 429. Check for invalid symbol, exchange, or indicators."
ULTA,BATS,"Can't access TradingView's API. HTTP status code: 429. Check for invalid symbol, exchange, or indicators."
ULTA,NYSEARCA,"Can't access TradingView's API. HTTP status code: 429. Check for invalid symbol, exchange, or indicators."
ULTA,NYSEMKT,"Can't access TradingView's API. HTTP status code: 429. Check for invalid symbol, exchange, or indicators."
CPB,NASDAQ,"Can't access TradingView's API. HTTP status code: 429. Check for invalid symbol, exchange, or indicators."
CPB,NYSE,"Can't access TradingView's API. HTTP status code: 429. Check for invalid symbol, exchange, or indicators."
CPB,AMEX,"Can't access TradingView's API. HTTP status code: 429. Check for invalid symbol, exchange, or indicators."
CPB,BATS,"Can't access TradingView's API. HTTP status code: 429. Check for invalid symbol, exchange, or indicators."
CPB,NYSEARCA,"Can't access TradingView's API. HTTP status code: 429. Check for invalid symbol, exchange, or indicators."
CPB,NYSEMKT,"Can't access TradingView's API. HTTP status code: 429. Check for invalid symbol, exchange, or indicators."
BURL,NASDAQ,"Can't access TradingView's API. HTTP status code: 429. Check for invalid symbol, exchange, or indicators."
BURL,NYSE,"Can't access TradingView's API. HTTP status code: 429. Check for invalid symbol, exchange, or indicators."
BURL,AMEX,"Can't access TradingView's API. HTTP status code: 429. Check for invalid symbol, exchange, or indicators."
BURL,BATS,"Can't access TradingView's API. HTTP status code: 429. Check for invalid symbol, exchange, or indicators."
BURL,NYSEARCA,"Can't access TradingView's API. HTTP status code: 429. Check for invalid symbol, exchange, or indicators."
BURL,NYSEMKT,"Can't access TradingView's API. HTTP status code: 429. Check for invalid symbol, exchange, or indicators."
HPE,NASDAQ,"Can't access TradingView's API. HTTP status code: 429. Check for invalid symbol, exchange, or indicators."
HPE,NYSE,"Can't access TradingView's API. HTTP status code: 429. Check for invalid symbol, exchange, or indicators."
HPE,AMEX,"Can't access TradingView's API. HTTP status code: 429. Check for invalid symbol, exchange, or indicators."
HPE,BATS,"Can't access TradingView's API. HTTP status code: 429. Check for invalid symbol, exchange, or indicators."
HPE,NYSEARCA,"Can't access TradingView's API. HTTP status code: 429. Check for invalid symbol, exchange, or indicators."
HPE,NYSEMKT,"Can't access TradingView's API. HTTP status code: 429. Check for invalid symbol, exchange, or indicators."
HXL,NASDAQ,"Can't access TradingView's API. HTTP status code: 429. Check for invalid symbol, exchange, or indicators."
HXL,NYSE,"Can't access TradingView's API. HTTP status code: 429. Check for invalid symbol, exchange, or indicators."
HXL,AMEX,"Can't access TradingView's API. HTTP status code: 429. Check for invalid symbol, exchange, or indicators."
HXL,BATS,"Can't access TradingView's API. HTTP status code: 429. Check for invalid symbol, exchange, or indicators."
HXL,NYSEARCA,"Can't access TradingView's API. HTTP status code: 429. Check for invalid symbol, exchange, or indicators."
HXL,NYSEMKT,"Can't access TradingView's API. HTTP status code: 429. Check for invalid symbol, exchange, or indicators."
DNB,NASDAQ,"Can't access TradingView's API. HTTP status code: 429. Check for invalid symbol, exchange, or indicators."
DNB,NYSE,"Can't access TradingView's API. HTTP status code: 429. Check for invalid symbol, exchange, or indicators."
DNB,AMEX,"Can't access TradingView's API. HTTP status code: 429. Check for invalid symbol, exchange, or indicators."
DNB,BATS,"Can't access TradingView's API. HTTP status code: 429. Check for invalid symbol, exchange, or indicators."
DNB,NYSEARCA,"Can't access TradingView's API. HTTP status code: 429. Check for invalid symbol, exchange, or indicators."
DNB,NYSEMKT,"Can't access TradingView's API. HTTP status code: 429. Check for invalid symbol, exchange, or indicators."
HLT,NASDAQ,"Can't access TradingView's API. HTTP status code: 429. Check for invalid symbol, exchange, or indicators."
HLT,NYSE,"Can't access TradingView's API. HTTP status code: 429. Check for invalid symbol, exchange, or indicators."
HLT,AMEX,"Can't access TradingView's API. HTTP status code: 429. Check for invalid symbol, exchange, or indicators."
HLT,BATS,"Can't access TradingView's API. HTTP status code: 429. Check for invalid symbol, exchange, or indicators."
HLT,NYSEARCA,"Can't access TradingView's API. HTTP status code: 429. Check for invalid symbol, exchange, or indicators."
HLT,NYSEMKT,"Can't access TradingView's API. HTTP status code: 429. Check for invalid symbol, exchange, or indicators."
VLO,NASDAQ,"Can't access TradingView's API. HTTP status code: 429. Check for invalid symbol, exchange, or indicators."
VLO,NYSE,"Can't access TradingView's API. HTTP status code: 429. Check for invalid symbol, exchange, or indicators."
VLO,AMEX,"Can't access TradingView's API. HTTP status code: 429. Check for invalid symbol, exchange, or indicators."
VLO,BATS,"Can't access TradingView's API. HTTP status code: 429. Check for invalid symbol, exchange, or indicators."
VLO,NYSEARCA,"Can't access TradingView's API. HTTP status code: 429. Check for invalid symbol, exchange, or indicators."
VLO,NYSEMKT,"Can't access TradingView's API. HTTP status code: 429. Check for invalid symbol, exchange, or indicators."
PODD,NASDAQ,"Can't access TradingView's API. HTTP status code: 429. Check for invalid symbol, exchange, or indicators."
PODD,NYSE,"Can't access TradingView's API. HTTP status code: 429. Check for invalid symbol, exchange, or indicators."
PODD,AMEX,"Can't access TradingView's API. HTTP status code: 429. Check for invalid symbol, exchange, or indicators."
PODD,BATS,"Can't access TradingView's API. HTTP status code: 429. Check for invalid symbol, exchange, or indicators."
PODD,NYSEARCA,"Can't access TradingView's API. HTTP status code: 429. Check for invalid symbol, exchange, or indicators."
PODD,NYSEMKT,"Can't access TradingView's API. HTTP status code: 429. Check for invalid symbol, exchange, or indicators."
BIIB,NASDAQ,"Can't access TradingView's API. HTTP status code: 429. Check for invalid symbol, exchange, or indicators."
BIIB,NYSE,"Can't access TradingView's API. HTTP status code: 429. Check for invalid symbol, exchange, or indicators."
BIIB,AMEX,"Can't access TradingView's API. HTTP status code: 429. Check for invalid symbol, exchange, or indicators."
BIIB,BATS,"Can't access TradingView's API. HTTP status code: 429. Check for invalid symbol, exchange, or indicators."
BIIB,NYSEARCA,"Can't access TradingView's API. HTTP status code: 429. Check for invalid symbol, exchange, or indicators."
BIIB,NYSEMKT,"Can't access TradingView's API. HTTP status code: 429. Check for invalid symbol, exchange, or indicators."
INSM,NASDAQ,"Can't access TradingView's API. HTTP status code: 429. Check for invalid symbol, exchange, or indicators."
INSM,NYSE,"Can't access TradingView's API. HTTP status code: 429. Check for invalid symbol, exchange, or indicators."
INSM,AMEX,"Can't access TradingView's API. HTTP status code: 429. Check for invalid symbol, exchange, or indicators."
INSM,BATS,"Can't access TradingView's API. HTTP status code: 429. Check for invalid symbol, exchange, or indicators."
INSM,NYSEARCA,"Can't access TradingView's API. HTTP status code: 429. Check for invalid symbol, exchange, or indicators."
INSM,NYSEMKT,"Can't access TradingView's API. HTTP status code: 429. Check for invalid symbol, exchange, or indicators."
SCCO,NASDAQ,"Can't access TradingView's API. HTTP status code: 429. Check for invalid symbol, exchange, or indicators."
SCCO,NYSE,"Can't access TradingView's API. HTTP status code: 429. Check for invalid symbol, exchange, or indicators."
SCCO,AMEX,"Can't access TradingView's API. HTTP status code: 429. Check for invalid symbol, exchange, or indicators."
SCCO,BATS,"Can't access TradingView's API. HTTP status code: 429. Check for invalid symbol, exchange, or indicators."
SCCO,NYSEARCA,"Can't access TradingView's API. HTTP status code: 429. Check for invalid symbol, exchange, or indicators."
SCCO,NYSEMKT,"Can't access TradingView's API. HTTP status code: 429. Check for invalid symbol, exchange, or indicators."
INCY,NASDAQ,"Can't access TradingView's API. HTTP status code: 429. Check for invalid symbol, exchange, or indicators."
INCY,NYSE,"Can't access TradingView's API. HTTP status code: 429. Check for invalid symbol, exchange, or indicators."
INCY,AMEX,"Can't access TradingView's API. HTTP status code: 429. Check for invalid symbol, exchange, or indicators."
INCY,BATS,"Can't access TradingView's API. HTTP status code: 429. Check for invalid symbol, exchange, or indicators."
INCY,NYSEARCA,"Can't access TradingView's API. HTTP status code: 429. Check for invalid symbol, exchange, or indicators."
INCY,NYSEMKT,"Can't access TradingView's API. HTTP status code: 429. Check for invalid symbol, exchange, or indicators."
PENN,NASDAQ,"Can't access TradingView's API. HTTP status code: 429. Check for invalid symbol, exchange, or indicators."
PENN,NYSE,"Can't access TradingView's API. HTTP status code: 429. Check for invalid symbol, exchange, or indicators."
PENN,AMEX,"Can't access TradingView's API. HTTP status code: 429. Check for invalid symbol, exchange, or indicators."
PENN,BATS,"Can't access TradingView's API. HTTP status code: 429. Check for invalid symbol, exchange, or indicators."
PENN,NYSEARCA,"Can't access TradingView's API. HTTP status code: 429. Check for invalid symbol, exchange, or indicators."
PENN,NYSEMKT,"Can't access TradingView's API. HTTP status code: 429. Check for invalid symbol, exchange, or indicators."
BOKF,NASDAQ,"Can't access TradingView's API. HTTP status code: 429. Check for invalid symbol, exchange, or indicators."
BOKF,NYSE,"Can't access TradingView's API. HTTP status code: 429. Check for invalid symbol, exchange, or indicators."
BOKF,AMEX,"Can't access TradingView's API. HTTP status code: 429. Check for invalid symbol, exchange, or indicators."
BOKF,BATS,"Can't access TradingView's API. HTTP status code: 429. Check for invalid symbol, exchange, or indicators."
BOKF,NYSEARCA,"Can't access TradingView's API. HTTP status code: 429. Check for invalid symbol, exchange, or indicators."
BOKF,NYSEMKT,"Can't access TradingView's API. HTTP status code: 429. Check for invalid symbol, exchange, or indicators."
CACC,NASDAQ,"Can't access TradingView's API. HTTP status code: 429. Check for invalid symbol, exchange, or indicators."
CACC,NYSE,"Can't access TradingView's API. HTTP status code: 429. Check for invalid symbol, exchange, or indicators."
CACC,AMEX,"Can't access TradingView's API. HTTP status code: 429. Check for invalid symbol, exchange, or indicators."
CACC,BATS,"Can't access TradingView's API. HTTP status code: 429. Check for invalid symbol, exchange, or indicators."
CACC,NYSEARCA,"Can't access TradingView's API. HTTP status code: 429. Check for invalid symbol, exchange, or indicators."
CACC,NYSEMKT,"Can't access TradingView's API. HTTP status code: 429. Check for invalid symbol, exchange, or indicators."
HBAN,NASDAQ,"Can't access TradingView's API. HTTP status code: 429. Check for invalid symbol, exchange, or indicators."
HBAN,NYSE,"Can't access TradingView's API. HTTP status code: 429. Check for invalid symbol, exchange, or indicators."
HBAN,AMEX,"Can't access TradingView's API. HTTP status code: 429. Check for invalid symbol, exchange, or indicators."
HBAN,BATS,"Can't access TradingView's API. HTTP status code: 429. Check for invalid symbol, exchange, or indicators."
HBAN,NYSEARCA,"Can't access TradingView's API. HTTP status code: 429. Check for invalid symbol, exchange, or indicators."
HBAN,NYSEMKT,"Can't access TradingView's API. HTTP status code: 429. Check for invalid symbol, exchange, or indicators."
BSX,NASDAQ,"Can't access TradingView's API. HTTP status code: 429. Check for invalid symbol, exchange, or indicators."
BSX,NYSE,"Can't access TradingView's API. HTTP status code: 429. Check for invalid symbol, exchange, or indicators."
BSX,AMEX,"Can't access TradingView's API. HTTP status code: 429. Check for invalid symbol, exchange, or indicators."
BSX,BATS,"Can't access TradingView's API. HTTP status code: 429. Check for invalid symbol, exchange, or indicators."
BSX,NYSEARCA,"Can't access TradingView's API. HTTP status code: 429. Check for invalid symbol, exchange, or indicators."
BSX,NYSEMKT,"Can't access TradingView's API. HTTP status code: 429. Check for invalid symbol, exchange, or indicators."
UAL,NASDAQ,"Can't access TradingView's API. HTTP status code: 429. Check for invalid symbol, exchange, or indicators."
UAL,NYSE,"Can't access TradingView's API. HTTP status code: 429. Check for invalid symbol, exchange, or indicators."
UAL,AMEX,"Can't access TradingView's API. HTTP status code: 429. Check for invalid symbol, exchange, or indicators."
UAL,BATS,"Can't access TradingView's API. HTTP status code: 429. Check for invalid symbol, exchange, or indicators."
UAL,NYSEARCA,"Can't access TradingView's API. HTTP status code: 429. Check for invalid symbol, exchange, or indicators."
UAL,NYSEMKT,"Can't access TradingView's API. HTTP status code: 429. Check for invalid symbol, exchange, or indicators."
BYD,NASDAQ,"Can't access TradingView's API. HTTP status code: 429. Check for invalid symbol, exchange, or indicators."
BYD,NYSE,"Can't access TradingView's API. HTTP status code: 429. Check for invalid symbol, exchange, or indicators."
BYD,AMEX,"Can't access TradingView's API. HTTP status code: 429. Check for invalid symbol, exchange, or indicators."
BYD,BATS,"Can't access TradingView's API. HTTP status code: 429. Check for invalid symbol, exchange, or indicators."
BYD,NYSEARCA,"Can't access TradingView's API. HTTP status code: 429. Check for invalid symbol, exchange, or indicators."
BYD,NYSEMKT,"Can't access TradingView's API. HTTP status code: 429. Check for invalid symbol, exchange, or indicators."
HUM,NASDAQ,"Can't access TradingView's API. HTTP status code: 429. Check for invalid symbol, exchange, or indicators."
HUM,NYSE,"Can't access TradingView's API. HTTP status code: 429. Check for invalid symbol, exchange, or indicators."
HUM,AMEX,"Can't access TradingView's API. HTTP status code: 429. Check for invalid symbol, exchange, or indicators."
HUM,BATS,"Can't access TradingView's API. HTTP status code: 429. Check for invalid symbol, exchange, or indicators."
HUM,NYSEARCA,"Can't access TradingView's API. HTTP status code: 429. Check for invalid symbol, exchange, or indicators."
HUM,NYSEMKT,"Can't access TradingView's API. HTTP status code: 429. Check for invalid symbol, exchange, or indicators."
HPQ,NASDAQ,"Can't access TradingView's API. HTTP status code: 429. Check for invalid symbol, exchange, or indicators."
HPQ,NYSE,"Can't access TradingView's API. HTTP status code: 429. Check for invalid symbol, exchange, or indicators."
HPQ,AMEX,"Can't access TradingView's API. HTTP status code: 429. Check for invalid symbol, exchange, or indicators."
HPQ,BATS,"Can't access TradingView's API. HTTP status code: 429. Check for invalid symbol, exchange, or indicators."
HPQ,NYSEARCA,"Can't access TradingView's API. HTTP status code: 429. Check for invalid symbol, exchange, or indicators."
HPQ,NYSEMKT,"Can't access TradingView's API. HTTP status code: 429. Check for invalid symbol, exchange, or indicators."
BRX,NASDAQ,"Can't access TradingView's API. HTTP status code: 429. Check for invalid symbol, exchange, or indicators."
BRX,NYSE,"Can't access TradingView's API. HTTP status code: 429. Check for invalid symbol, exchange, or indicators."
BRX,AMEX,"Can't access TradingView's API. HTTP status code: 429. Check for invalid symbol, exchange, or indicators."
BRX,BATS,"Can't access TradingView's API. HTTP status code: 429. Check for invalid symbol, exchange, or indicators."
BRX,NYSEARCA,"Can't access TradingView's API. HTTP status code: 429. Check for invalid symbol, exchange, or indicators."
BRX,NYSEMKT,"Can't access TradingView's API. HTTP status code: 429. Check for invalid symbol, exchange, or indicators."
SSB,NASDAQ,"Can't access TradingView's API. HTTP status code: 429. Check for invalid symbol, exchange, or indicators."
SSB,NYSE,"Can't access TradingView's API. HTTP status code: 429. Check for invalid symbol, exchange, or indicators."
SSB,AMEX,"Can't access TradingView's API. HTTP status code: 429. Check for invalid symbol, exchange, or indicators."
SSB,BATS,"Can't access TradingView's API. HTTP status code: 429. Check for invalid symbol, exchange, or indicators."
SSB,NYSEARCA,"Can't access TradingView's API. HTTP status code: 429. Check for invalid symbol, exchange, or indicators."
SSB,NYSEMKT,"Can't access TradingView's API. HTTP status code: 429. Check for invalid symbol, exchange, or indicators."
TNL,NASDAQ,"Can't access TradingView's API. HTTP status code: 429. Check for invalid symbol, exchange, or indicators."
TNL,NYSE,"Can't access TradingView's API. HTTP status code: 429. Check for invalid symbol, exchange, or indicators."
TNL,AMEX,"Can't access TradingView's API. HTTP status code: 429. Check for invalid symbol, exchange, or indicators."
TNL,BATS,"Can't access TradingView's API. HTTP status code: 429. Check for invalid symbol, exchange, or indicators."
TNL,NYSEARCA,"Can't access TradingView's API. HTTP status code: 429. Check for invalid symbol, exchange, or indicators."
TNL,NYSEMKT,"Can't access TradingView's API. HTTP status code: 429. Check for invalid symbol, exchange, or indicators."
PSX,NASDAQ,"Can't access TradingView's API. HTTP status code: 429. Check for invalid symbol, exchange, or indicators."
PSX,NYSE,"Can't access TradingView's API. HTTP status code: 429. Check for invalid symbol, exchange, or indicators."
PSX,AMEX,"Can't access TradingView's API. HTTP status code: 429. Check for invalid symbol, exchange, or indicators."
PSX,BATS,"Can't access TradingView's API. HTTP status code: 429. Check for invalid symbol, exchange, or indicators."
PSX,NYSEARCA,"Can't access TradingView's API. HTTP status code: 429. Check for invalid symbol, exchange, or indicators."
PSX,NYSEMKT,"Can't access TradingView's API. HTTP status code: 429. Check for invalid symbol, exchange, or indicators."
UTHR,NASDAQ,"Can't access TradingView's API. HTTP status code: 429. Check for invalid symbol, exchange, or indicators."
UTHR,NYSE,"Can't access TradingView's API. HTTP status code: 429. Check for invalid symbol, exchange, or indicators."
UTHR,AMEX,"Can't access TradingView's API. HTTP status code: 429. Check for invalid symbol, exchange, or indicators."
UTHR,BATS,"Can't access TradingView's API. HTTP status code: 429. Check for invalid symbol, exchange, or indicators."
UTHR,NYSEARCA,"Can't access TradingView's API. HTTP status code: 429. Check for invalid symbol, exchange, or indicators."
UTHR,NYSEMKT,"Can't access TradingView's API. HTTP status code: 429. Check for invalid symbol, exchange, or indicators."
EL,NASDAQ,"Can't access TradingView's API. HTTP status code: 429. Check for invalid symbol, exchange, or indicators."
EL,NYSE,"Can't access TradingView's API. HTTP status code: 429. Check for invalid symbol, exchange, or indicators."
EL,AMEX,"Can't access TradingView's API. HTTP status code: 429. Check for invalid symbol, exchange, or indicators."
EL,BATS,"Can't access TradingView's API. HTTP status code: 429. Check for invalid symbol, exchange, or indicators."
EL,NYSEARCA,"Can't access TradingView's API. HTTP status code: 429. Check for invalid symbol, exchange, or indicators."
EL,NYSEMKT,"Can't access TradingView's API. HTTP status code: 429. Check for invalid symbol, exchange, or indicators."
HST,NASDAQ,"Can't access TradingView's API. HTTP status code: 429. Check for invalid symbol, exchange, or indicators."
HST,NYSE,"Can't access TradingView's API. HTTP status code: 429. Check for invalid symbol, exchange, or indicators."
HST,AMEX,"Can't access TradingView's API. HTTP status code: 429. Check for invalid symbol, exchange, or indicators."
HST,BATS,"Can't access TradingView's API. HTTP status code: 429. Check for invalid symbol, exchange, or indicators."
HST,NYSEARCA,"Can't access TradingView's API. HTTP status code: 429. Check for invalid symbol, exchange, or indicators."
HST,NYSEMKT,"Can't access TradingView's API. HTTP status code: 429. Check for invalid symbol, exchange, or indicators."
CELH,NASDAQ,"Can't access TradingView's API. HTTP status code: 429. Check for invalid symbol, exchange, or indicators."
CELH,NYSE,"Can't access TradingView's API. HTTP status code: 429. Check for invalid symbol, exchange, or indicators."
CELH,AMEX,"Can't access TradingView's API. HTTP status code: 429. Check for invalid symbol, exchange, or indicators."
CELH,BATS,"Can't access TradingView's API. HTTP status code: 429. Check for invalid symbol, exchange, or indicators."
CELH,NYSEARCA,"Can't access TradingView's API. HTTP status code: 429. Check for invalid symbol, exchange, or indicators."
CELH,NYSEMKT,"Can't access TradingView's API. HTTP status code: 429. Check for invalid symbol, exchange, or indicators."
CCL,NASDAQ,"Can't access TradingView's API. HTTP status code: 429. Check for invalid symbol, exchange, or indicators."
CCL,NYSE,"Can't access TradingView's API. HTTP status code: 429. Check for invalid symbol, exchange, or indicators."
CCL,AMEX,"Can't access TradingView's API. HTTP status code: 429. Check for invalid symbol, exchange, or indicators."
CCL,BATS,"Can't access TradingView's API. HTTP status code: 429. Check for invalid symbol, exchange, or indicators."
CCL,NYSEARCA,"Can't access TradingView's API. HTTP status code: 429. Check for invalid symbol, exchange, or indicators."
CCL,NYSEMKT,"Can't access TradingView's API. HTTP status code: 429. Check for invalid symbol, exchange, or indicators."
HCA,NASDAQ,"Can't access TradingView's API. HTTP status code: 429. Check for invalid symbol, exchange, or indicators."
HCA,NYSE,"Can't access TradingView's API. HTTP status code: 429. Check for invalid symbol, exchange, or indicators."
HCA,AMEX,"Can't access TradingView's API. HTTP status code: 429. Check for invalid symbol, exchange, or indicators."
HCA,BATS,"Can't access TradingView's API. HTTP status code: 429. Check for invalid symbol, exchange, or indicators."
HCA,NYSEARCA,"Can't access TradingView's API. HTTP status code: 429. Check for invalid symbol, exchange, or indicators."
HCA,NYSEMKT,"Can't access TradingView's API. HTTP status code: 429. Check for invalid symbol, exchange, or indicators."
STWD,NASDAQ,"Can't access TradingView's API. HTTP status code: 429. Check for invalid symbol, exchange, or indicators."
STWD,NYSE,"Can't access TradingView's API. HTTP status code: 429. Check for invalid symbol, exchange, or indicators."
STWD,AMEX,"Can't access TradingView's API. HTTP status code: 429. Check for invalid symbol, exchange, or indicators."
STWD,BATS,"Can't access TradingView's API. HTTP status code: 429. Check for invalid symbol, exchange, or indicators."
STWD,NYSEARCA,"Can't access TradingView's API. HTTP status code: 429. Check for invalid symbol, exchange, or indicators."
STWD,NYSEMKT,"Can't access TradingView's API. HTTP status code: 429. Check for invalid symbol, exchange, or indicators."
CFG,NASDAQ,"Can't access TradingView's API. HTTP status code: 429. Check for invalid symbol, exchange, or indicators."
CFG,NYSE,"Can't access TradingView's API. HTTP status code: 429. Check for invalid symbol, exchange, or indicators."
CFG,AMEX,"Can't access TradingView's API. HTTP status code: 429. Check for invalid symbol, exchange, or indicators."
CFG,BATS,"Can't access TradingView's API. HTTP status code: 429. Check for invalid symbol, exchange, or indicators."
CFG,NYSEARCA,"Can't access TradingView's API. HTTP status code: 429. Check for invalid symbol, exchange, or indicators."
CFG,NYSEMKT,"Can't access TradingView's API. HTTP status code: 429. Check for invalid symbol, exchange, or indicators."
FYBR,NASDAQ,"Can't access TradingView's API. HTTP status code: 429. Check for invalid symbol, exchange, or indicators."
FYBR,NYSE,"Can't access TradingView's API. HTTP status code: 429. Check for invalid symbol, exchange, or indicators."
FYBR,AMEX,"Can't access TradingView's API. HTTP status code: 429. Check for invalid symbol, exchange, or indicators."
FYBR,BATS,"Can't access TradingView's API. HTTP status code: 429. Check for invalid symbol, exchange, or indicators."
FYBR,NYSEARCA,"Can't access TradingView's API. HTTP status code: 429. Check for invalid symbol, exchange, or indicators."
FYBR,NYSEMKT,"Can't access TradingView's API. HTTP status code: 429. Check for invalid symbol, exchange, or indicators."
FCX,NASDAQ,"Can't access TradingView's API. HTTP status code: 429. Check for invalid symbol, exchange, or indicators."
FCX,NYSE,"Can't access TradingView's API. HTTP status code: 429. Check for invalid symbol, exchange, or indicators."
FCX,AMEX,"Can't access TradingView's API. HTTP status code: 429. Check for invalid symbol, exchange, or indicators."
FCX,BATS,"Can't access TradingView's API. HTTP status code: 429. Check for invalid symbol, exchange, or indicators."
FCX,NYSEARCA,"Can't access TradingView's API. HTTP status code: 429. Check for invalid symbol, exchange, or indicators."
FCX,NYSEMKT,"Can't access TradingView's API. HTTP status code: 429. Check for invalid symbol, exchange, or indicators."
TTWO,NASDAQ,"Can't access TradingView's API. HTTP status code: 429. Check for invalid symbol, exchange, or indicators."
TTWO,NYSE,"Can't access TradingView's API. HTTP status code: 429. Check for invalid symbol, exchange, or indicators."
TTWO,AMEX,"Can't access TradingView's API. HTTP status code: 429. Check for invalid symbol, exchange, or indicators."
TTWO,BATS,"Can't access TradingView's API. HTTP status code: 429. Check for invalid symbol, exchange, or indicators."
TTWO,NYSEARCA,"Can't access TradingView's API. HTTP status code: 429. Check for invalid symbol, exchange, or indicators."
TTWO,NYSEMKT,"Can't access TradingView's API. HTTP status code: 429. Check for invalid symbol, exchange, or indicators."
RNR,NASDAQ,"Can't access TradingView's API. HTTP status code: 429. Check for invalid symbol, exchange, or indicators."
RNR,NYSE,"Can't access TradingView's API. HTTP status code: 429. Check for invalid symbol, exchange, or indicators."
RNR,AMEX,"Can't access TradingView's API. HTTP status code: 429. Check for invalid symbol, exchange, or indicators."
RNR,BATS,"Can't access TradingView's API. HTTP status code: 429. Check for invalid symbol, exchange, or indicators."
RNR,NYSEARCA,"Can't access TradingView's API. HTTP status code: 429. Check for invalid symbol, exchange, or indicators."
RNR,NYSEMKT,"Can't access TradingView's API. HTTP status code: 429. Check for invalid symbol, exchange, or indicators."
FOX,NASDAQ,"Can't access TradingView's API. HTTP status code: 429. Check for invalid symbol, exchange, or indicators."
FOX,NYSE,"Can't access TradingView's API. HTTP status code: 429. Check for invalid symbol, exchange, or indicators."
FOX,AMEX,"Can't access TradingView's API. HTTP status code: 429. Check for invalid symbol, exchange, or indicators."
FOX,BATS,"Can't access TradingView's API. HTTP status code: 429. Check for invalid symbol, exchange, or indicators."
FOX,NYSEARCA,"Can't access TradingView's API. HTTP status code: 429. Check for invalid symbol, exchange, or indicators."
FOX,NYSEMKT,"Can't access TradingView's API. HTTP status code: 429. Check for invalid symbol, exchange, or indicators."
NET,NASDAQ,"Can't access TradingView's API. HTTP status code: 429. Check for invalid symbol, exchange, or indicators."
NET,NYSE,"Can't access TradingView's API. HTTP status code: 429. Check for invalid symbol, exchange, or indicators."
NET,AMEX,"Can't access TradingView's API. HTTP status code: 429. Check for invalid symbol, exchange, or indicators."
NET,BATS,"Can't access TradingView's API. HTTP status code: 429. Check for invalid symbol, exchange, or indicators."
NET,NYSEARCA,"Can't access TradingView's API. HTTP status code: 429. Check for invalid symbol, exchange, or indicators."
NET,NYSEMKT,"Can't access TradingView's API. HTTP status code: 429. Check for invalid symbol, exchange, or indicators."
FOXA,NASDAQ,"Can't access TradingView's API. HTTP status code: 429. Check for invalid symbol, exchange, or indicators."
FOXA,NYSE,"Can't access TradingView's API. HTTP status code: 429. Check for invalid symbol, exchange, or indicators."
FOXA,AMEX,"Can't access TradingView's API. HTTP status code: 429. Check for invalid symbol, exchange, or indicators."
FOXA,BATS,"Can't access TradingView's API. HTTP status code: 429. Check for invalid symbol, exchange, or indicators."
FOXA,NYSEARCA,"Can't access TradingView's API. HTTP status code: 429. Check for invalid symbol, exchange, or indicators."
FOXA,NYSEMKT,"Can't access TradingView's API. HTTP status code: 429. Check for invalid symbol, exchange, or indicators."
F,NASDAQ,"Can't access TradingView's API. HTTP status code: 429. Check for invalid symbol, exchange, or indicators."
F,NYSE,"Can't access TradingView's API. HTTP status code: 429. Check for invalid symbol, exchange, or indicators."
F,AMEX,"Can't access TradingView's API. HTTP status code: 429. Check for invalid symbol, exchange, or indicators."
F,BATS,"Can't access TradingView's API. HTTP status code: 429. Check for invalid symbol, exchange, or indicators."
F,NYSEARCA,"Can't access TradingView's API. HTTP status code: 429. Check for invalid symbol, exchange, or indicators."
F,NYSEMKT,"Can't access TradingView's API. HTTP status code: 429. Check for invalid symbol, exchange, or indicators."
SYY,NASDAQ,"Can't access TradingView's API. HTTP status code: 429. Check for invalid symbol, exchange, or indicators."
SYY,NYSE,"Can't access TradingView's API. HTTP status code: 429. Check for invalid symbol, exchange, or indicators."
SYY,AMEX,"Can't access TradingView's API. HTTP status code: 429. Check for invalid symbol, exchange, or indicators."
SYY,BATS,"Can't access TradingView's API. HTTP status code: 429. Check for invalid symbol, exchange, or indicators."
SYY,NYSEARCA,"Can't access TradingView's API. HTTP status code: 429. Check for invalid symbol, exchange, or indicators."
SYY,NYSEMKT,"Can't access TradingView's API. HTTP status code: 429. Check for invalid symbol, exchange, or indicators."
FNB,NASDAQ,"Can't access TradingView's API. HTTP status code: 429. Check for invalid symbol, exchange, or indicators."
FNB,NYSE,"Can't access TradingView's API. HTTP status code: 429. Check for invalid symbol, exchange, or indicators."
FNB,AMEX,"Can't access TradingView's API. HTTP status code: 429. Check for invalid symbol, exchange, or indicators."
FNB,BATS,"Can't access TradingView's API. HTTP status code: 429. Check for invalid symbol, exchange, or indicators."
FNB,NYSEARCA,"Can't access TradingView's API. HTTP status code: 429. Check for invalid symbol, exchange, or indicators."
FNB,NYSEMKT,"Can't access TradingView's API. HTTP status code: 429. Check for invalid symbol, exchange, or indicators."
FLEX,NASDAQ,"Can't access TradingView's API. HTTP status code: 429. Check for invalid symbol, exchange, or indicators."
FLEX,NYSE,"Can't access TradingView's API. HTTP status code: 429. Check for invalid symbol, exchange, or indicators."
FLEX,AMEX,"Can't access TradingView's API. HTTP status code: 429. Check for invalid symbol, exchange, or indicators."
FLEX,BATS,"Can't access TradingView's API. HTTP status code: 429. Check for invalid symbol, exchange, or indicators."
FLEX,NYSEARCA,"Can't access TradingView's API. HTTP status code: 429. Check for invalid symbol, exchange, or indicators."
FLEX,NYSEMKT,"Can't access TradingView's API. HTTP status code: 429. Check for invalid symbol, exchange, or indicators."
SNV,NASDAQ,"Can't access TradingView's API. HTTP status code: 429. Check for invalid symbol, exchange, or indicators."
SNV,NYSE,"Can't access TradingView's API. HTTP status code: 429. Check for invalid symbol, exchange, or indicators."
SNV,AMEX,"Can't access TradingView's API. HTTP status code: 429. Check for invalid symbol, exchange, or indicators."
SNV,BATS,"Can't access TradingView's API. HTTP status code: 429. Check for invalid symbol, exchange, or indicators."
SNV,NYSEARCA,"Can't access TradingView's API. HTTP status code: 429. Check for invalid symbol, exchange, or indicators."
SNV,NYSEMKT,"Can't access TradingView's API. HTTP status code: 429. Check for invalid symbol, exchange, or indicators."
SYF,NASDAQ,"Can't access TradingView's API. HTTP status code: 429. Check for invalid symbol, exchange, or indicators."
SYF,NYSE,"Can't access TradingView's API. HTTP status code: 429. Check for invalid symbol, exchange, or indicators."
SYF,AMEX,"Can't access TradingView's API. HTTP status code: 429. Check for invalid symbol, exchange, or indicators."
SYF,BATS,"Can't access TradingView's API. HTTP status code: 429. Check for invalid symbol, exchange, or indicators."
SYF,NYSEARCA,"Can't access TradingView's API. HTTP status code: 429. Check for invalid symbol, exchange, or indicators."
SYF,NYSEMKT,"Can't access TradingView's API. HTTP status code: 429. Check for invalid symbol, exchange, or indicators."
FSLR,NASDAQ,"Can't access TradingView's API. HTTP status code: 429. Check for invalid symbol, exchange, or indicators."
FSLR,NYSE,"Can't access TradingView's API. HTTP status code: 429. Check for invalid symbol, exchange, or indicators."
FSLR,AMEX,"Can't access TradingView's API. HTTP status code: 429. Check for invalid symbol, exchange, or indicators."
FSLR,BATS,"Can't access TradingView's API. HTTP status code: 429. Check for invalid symbol, exchange, or indicators."
FSLR,NYSEARCA,"Can't access TradingView's API. HTTP status code: 429. Check for invalid symbol, exchange, or indicators."
FSLR,NYSEMKT,"Can't access TradingView's API. HTTP status code: 429. Check for invalid symbol, exchange, or indicators."
FHN,NASDAQ,"Can't access TradingView's API. HTTP status code: 429. Check for invalid symbol, exchange, or indicators."
FHN,NYSE,"Can't access TradingView's API. HTTP status code: 429. Check for invalid symbol, exchange, or indicators."
FHN,AMEX,"Can't access TradingView's API. HTTP status code: 429. Check for invalid symbol, exchange, or indicators."
FHN,BATS,"Can't access TradingView's API. HTTP status code: 429. Check for invalid symbol, exchange, or indicators."
FHN,NYSEARCA,"Can't access TradingView's API. HTTP status code: 429. Check for invalid symbol, exchange, or indicators."
FHN,NYSEMKT,"Can't access TradingView's API. HTTP status code: 429. Check for invalid symbol, exchange, or indicators."
CMA,NASDAQ,"Can't access TradingView's API. HTTP status code: 429. Check for invalid symbol, exchange, or indicators."
CMA,NYSE,"Can't access TradingView's API. HTTP status code: 429. Check for invalid symbol, exchange, or indicators."
CMA,AMEX,"Can't access TradingView's API. HTTP status code: 429. Check for invalid symbol, exchange, or indicators."
CMA,BATS,"Can't access TradingView's API. HTTP status code: 429. Check for invalid symbol, exchange, or indicators."
CMA,NYSEARCA,"Can't access TradingView's API. HTTP status code: 429. Check for invalid symbol, exchange, or indicators."
CMA,NYSEMKT,"Can't access TradingView's API. HTTP status code: 429. Check for invalid symbol, exchange, or indicators."
FITB,NASDAQ,"Can't access TradingView's API. HTTP status code: 429. Check for invalid symbol, exchange, or indicators."
FITB,NYSE,"Can't access TradingView's API. HTTP status code: 429. Check for invalid symbol, exchange, or indicators."
FITB,AMEX,"Can't access TradingView's API. HTTP status code: 429. Check for invalid symbol, exchange, or indicators."
FITB,BATS,"Can't access TradingView's API. HTTP status code: 429. Check for invalid symbol, exchange, or indicators."
FITB,NYSEARCA,"Can't access TradingView's API. HTTP status code: 429. Check for invalid symbol, exchange, or indicators."
FITB,NYSEMKT,"Can't access TradingView's API. HTTP status code: 429. Check for invalid symbol, exchange, or indicators."
FTI,NASDAQ,"Can't access TradingView's API. HTTP status code: 429. Check for invalid symbol, exchange, or indicators."
FTI,NYSE,"Can't access TradingView's API. HTTP status code: 429. Check for invalid symbol, exchange, or indicators."
FTI,AMEX,"Can't access TradingView's API. HTTP status code: 429. Check for invalid symbol, exchange, or indicators."
FTI,BATS,"Can't access TradingView's API. HTTP status code: 429. Check for invalid symbol, exchange, or indicators."
FTI,NYSEARCA,"Can't access TradingView's API. HTTP status code: 429. Check for invalid symbol, exchange, or indicators."
FTI,NYSEMKT,"Can't access TradingView's API. HTTP status code: 429. Check for invalid symbol, exchange, or indicators."
PVH,NASDAQ,"Can't access TradingView's API. HTTP status code: 429. Check for invalid symbol, exchange, or indicators."
PVH,NYSE,"Can't access TradingView's API. HTTP status code: 429. Check for invalid symbol, exchange, or indicators."
PVH,AMEX,"Can't access TradingView's API. HTTP status code: 429. Check for invalid symbol, exchange, or indicators."
PVH,BATS,"Can't access TradingView's API. HTTP status code: 429. Check for invalid symbol, exchange, or indicators."
PVH,NYSEARCA,"Can't access TradingView's API. HTTP status code: 429. Check for invalid symbol, exchange, or indicators."
PVH,NYSEMKT,"Can't access TradingView's API. HTTP status code: 429. Check for invalid symbol, exchange, or indicators."
GAP,NASDAQ,"Can't access TradingView's API. HTTP status code: 429. Check for invalid symbol, exchange, or indicators."
GAP,NYSE,"Can't access TradingView's API. HTTP status code: 429. Check for invalid symbol, exchange, or indicators."
GAP,AMEX,"Can't access TradingView's API. HTTP status code: 429. Check for invalid symbol, exchange, or indicators."
GAP,BATS,"Can't access TradingView's API. HTTP status code: 429. Check for invalid symbol, exchange, or indicators."
GAP,NYSEARCA,"Can't access TradingView's API. HTTP status code: 429. Check for invalid symbol, exchange, or indicators."
GAP,NYSEMKT,"Can't access TradingView's API. HTTP status code: 429. Check for invalid symbol, exchange, or indicators."
REYN,NASDAQ,"Can't access TradingView's API. HTTP status code: 429. Check for invalid symbol, exchange, or indicators."
REYN,NYSE,"Can't access TradingView's API. HTTP status code: 429. Check for invalid symbol, exchange, or indicators."
REYN,AMEX,"Can't access TradingView's API. HTTP status code: 429. Check for invalid symbol, exchange, or indicators."
REYN,BATS,"Can't access TradingView's API. HTTP status code: 429. Check for invalid symbol, exchange, or indicators."
REYN,NYSEARCA,"Can't access TradingView's API. HTTP status code: 429. Check for invalid symbol, exchange, or indicators."
REYN,NYSEMKT,"Can't access TradingView's API. HTTP status code: 429. Check for invalid symbol, exchange, or indicators."
SPR,NASDAQ,"Can't access TradingView's API. HTTP status code: 429. Check for invalid symbol, exchange, or indicators."
SPR,NYSE,"Can't access TradingView's API. HTTP status code: 429. Check for invalid symbol, exchange, or indicators."
SPR,AMEX,"Can't access TradingView's API. HTTP status code: 429. Check for invalid symbol, exchange, or indicators."
SPR,BATS,"Can't access TradingView's API. HTTP status code: 429. Check for invalid symbol, exchange, or indicators."
SPR,NYSEARCA,"Can't access TradingView's API. HTTP status code: 429. Check for invalid symbol, exchange, or indicators."
SPR,NYSEMKT,"Can't access TradingView's API. HTTP status code: 429. Check for invalid symbol, exchange, or indicators."
HIG,NASDAQ,"Can't access TradingView's API. HTTP status code: 429. Check for invalid symbol, exchange, or indicators."
HIG,NYSE,"Can't access TradingView's API. HTTP status code: 429. Check for invalid symbol, exchange, or indicators."
HIG,AMEX,"Can't access TradingView's API. HTTP status code: 429. Check for invalid symbol, exchange, or indicators."
HIG,BATS,"Can't access TradingView's API. HTTP status code: 429. Check for invalid symbol, exchange, or indicators."
HIG,NYSEARCA,"Can't access TradingView's API. HTTP status code: 429. Check for invalid symbol, exchange, or indicators."
HIG,NYSEMKT,"Can't access TradingView's API. HTTP status code: 429. Check for invalid symbol, exchange, or indicators."
